"vx","vy","rsquared","fctr","grid","X","Y","qsum","sf","vx.u","vy.u"
0.0609322419809661,0.0680310595714842,0.347507679966444,"CAFs","grid_2",416.7202928625,102.7252464975,0.0913288737434435,91.0624782646797,5.54864096100993,6.19507688355141
-0.169748596641478,-0.207282538703157,0.356882391476871,"Cancer Epithelial","grid_2",416.7202928625,102.7252464975,0.267919086503699,31.0415868041755,-5.26926579753341,-6.43437891814392
0.0560340881161672,0.0825776939584069,0.334671413873981,"Myeloid","grid_2",416.7202928625,102.7252464975,0.0997942612102455,83.3377939707235,4.66975729076251,6.88184284568317
0.0100220932890724,0.0116647459828069,0.333797846984194,"Plasmablasts","grid_2",416.7202928625,102.7252464975,0.0153788378214441,540.784269706217,5.41979040025859,6.30811113762076
-0.0385418561537665,0.0518034923729686,0.395851988341881,"CAFs","grid_4",231.12871056,161.09900829,0.0645683862103882,128.803491434667,-4.96432563897783,6.6724706861475
-0.032627898126886,0.0264912438177951,0.347895728926483,"Plasmablasts","grid_4",231.12871056,161.09900829,0.0420281540778597,197.882437681963,-6.45648801778694,5.24215190389251
-0.0242632218855071,0.00798564716801477,0.433325595521975,"T-cells","grid_4",231.12871056,161.09900829,0.0255435803472687,325.586055953557,-7.89976671842827,2.60001536567062
0.00495415121500621,-0.0286223155546835,0.350878447270422,"CAFs","grid_7",406.8985107825,509.668311735,0.0290479011629588,286.307555700622,1.4184109249397,-8.19478520495333
0.049444823457516,-0.2112394186134,0.332329853179802,"Cancer Epithelial","grid_7",406.8985107825,509.668311735,0.216949032131679,38.3345041850758,1.89544279176248,-8.09775837688838
-0.0443686439363455,0.218959193283612,0.34155160395139,"Endothelial","grid_7",406.8985107825,509.668311735,0.22340927663855,37.2259993198731,-1.65166710899809,8.15097478025568
-0.0318547315829075,0.0827484720323108,0.357162474421229,"CAFs","grid_9",209.5173246375,428.797025415,0.0886681089676622,93.795093602742,-2.98781753050903,7.76140067975447
-0.0156975355564102,-0.0127411614197911,0.320357436169332,"B-cells","grid_10",163.371285495,343.9925708175,0.0202175620901714,411.356895708165,-6.45728949675344,-5.24116460936192
-0.0254787053553043,-0.0333084613544649,0.405946772142336,"Endothelial","grid_10",163.371285495,343.9925708175,0.0419358799166572,198.317850888746,-5.05288208949154,-6.60566247222834
-0.056274277601437,-0.0372321903104197,0.358324436063247,"B-cells","grid_11",127.70296902,389.0321743275,0.0674761462657353,123.252942565026,-6.93597030509827,-4.58897701390029
0.0198231263153499,-0.0944659311168657,0.441071850694621,"CAFs","grid_12",446.58415395,337.7896005825,0.0965234089674144,86.1618302665588,1.70799684493574,-8.13935752286382
-0.0775333933300565,0.287393188813634,0.520665524306194,"Cancer Epithelial","grid_12",446.58415395,337.7896005825,0.297668056831334,27.9392880402763,-2.16622780898849,8.02956108307765
0.0341947414962801,-0.0881342535549014,0.436302165268438,"Myeloid","grid_12",446.58415395,337.7896005825,0.0945353214183834,87.973822433979,3.00824211656956,-7.75350717259018
0.0176520017042167,-0.0401094160615271,0.415741413438551,"T-cells","grid_12",446.58415395,337.7896005825,0.0438218943105197,189.782612345983,3.350042996562,-7.61206975982854
-0.00627396165066012,-0.01435736629472,0.377477091734363,"Plasmablasts","grid_15",478.153460565,302.12870985,0.0156683298955158,530.792601104228,-3.33017242378207,-7.6207838005806
-0.0887537260535794,0.0291300762222323,0.454675272869282,"CAFs","grid_16",342.6905906325,125.252473995,0.0934119116018235,89.0318315682306,-7.90190678905517,2.59350403978751
0.232844188758583,-0.0522930973696451,0.377970353012636,"Cancer Epithelial","grid_16",342.6905906325,125.252473995,0.238644053500509,34.8495320047112,8.11451100825325,-1.82238997040893
-0.0439278664754389,0.0314439085353137,0.428867337573082,"T-cells","grid_16",342.6905906325,125.252473995,0.0540220032677534,153.949003686139,-6.76265127795158,4.84075839100963
0.191904374637954,0.281366519767088,0.642617219004724,"Cancer Epithelial","grid_18",291.62375946,278.27722494,0.340579517074981,24.4190656315043,4.68612551925698,6.87070751270047
-0.0236515778394824,-0.0622502541733981,0.476943485893253,"Endothelial","grid_18",291.62375946,278.27722494,0.0665919760853345,124.88942465895,-2.95383194864933,-7.7743984285891
-0.156658263069429,-0.203755483518726,0.556243961356573,"Normal Epithelial","grid_18",291.62375946,278.27722494,0.257017720112602,32.3582108523739,-5.06918110816723,-6.59316289802631
-0.0296784085596121,-0.0483164881940348,0.340862636398897,"Plasmablasts","grid_18",291.62375946,278.27722494,0.0567035357454502,146.668694832973,-4.35289344815803,-7.08651626233181
-0.125901393937353,-0.193887220214424,0.317518367591632,"Cancer Epithelial","grid_20",130.579206615,487.71286641,0.231178318961457,35.9749721235173,-4.52929913720825,-6.97508734232016
0.0464261708800216,0.0963342740917403,0.559338151384747,"Myeloid","grid_20",130.579206615,487.71286641,0.106937746878095,77.7707949063173,3.6106002137958,7.49199307283769
-0.0275657310795308,-0.0141920617449054,0.341729635805242,"B-cells","grid_21",235.0272253725,457.113856815,0.031004582669667,268.238849360049,-7.39419998654188,-3.80686231250019
0.28044160979539,0.224301676723794,0.648992208566576,"Cancer Epithelial","grid_21",235.0272253725,457.113856815,0.359108254828171,23.159126721215,6.49478277915297,5.19463095502734
-0.0152819891201972,-0.0431643591477162,0.526674738411269,"Endothelial","grid_21",235.0272253725,457.113856815,0.0457897487665401,181.626538782786,-2.7756147896176,-7.83979315077676
-0.100034555459422,-0.0750324787233979,0.613844537153162,"Myeloid","grid_21",235.0272253725,457.113856815,0.125047131711772,66.5079915576907,-6.65309736997259,-4.99025946148835
-0.0193493612489027,-0.0391557556343473,0.512824615614954,"T-cells","grid_21",235.0272253725,457.113856815,0.0436757481909269,190.417655671155,-3.68446000775034,-7.45594719392504
0.0269726908458153,-0.0620196352005142,0.308305410213619,"CAFs","grid_23",151.777226205,167.1608894175,0.0676310668396469,122.970610531972,3.31684826100005,-7.62659240557742
-0.0936449804048899,0.225056197189217,0.335342493548083,"Cancer Epithelial","grid_23",151.777226205,167.1608894175,0.243761511006771,34.1179111741271,-3.1949711233569,7.67844734488853
0.0272506046840713,-0.0613060617241828,0.40853472962934,"T-cells","grid_23",151.777226205,167.1608894175,0.0670897060641709,123.962885934322,3.37806360009283,-7.59967633659738
-0.0150427322708976,0.0382463805585888,0.301263612911013,"Endothelial","grid_27",323.6633631,350.08910541,0.041098289745515,202.35960259411,-3.04404132426844,7.73952237049912
0.0010045786748179,-0.149529122131931,0.562874870919717,"CAFs","grid_29",494.4727673325,345.0816797175,0.149532496614815,55.6175665388844,0.0558722212902288,-8.31644589967363
0.0125320084754372,0.367079552749808,0.613244728171959,"Cancer Epithelial","grid_29",494.4727673325,345.0816797175,0.367293410345772,22.6430242033765,0.283762571226244,8.31179119747851
-0.00133926806912318,-0.0418088018346191,0.42743228914335,"Endothelial","grid_29",494.4727673325,345.0816797175,0.0418302468293868,198.818658998621,-0.266271481542743,-8.31236991509806
-0.0149849081121815,-0.105337938910827,0.532731963507524,"Myeloid","grid_29",494.4727673325,345.0816797175,0.106398443809633,78.1649926673742,-1.17129523270994,-8.23373922256111
0.00183144455539386,-0.0469261426290299,0.466149924697552,"T-cells","grid_29",494.4727673325,345.0816797175,0.046961868054833,177.093329645436,0.324336614375704,-8.31030684559154
0.0894448911534177,-0.172165600629822,0.464416818304916,"CAFs","grid_31",196.6336614,506.8391038425,0.194013872168137,42.8661800687768,3.83416081041454,-7.38008163824707
-0.0790820541354814,0.233264872195367,0.323626276169884,"Cancer Epithelial","grid_31",196.6336614,506.8391038425,0.246305647289314,33.7655010014089,-2.67024517810507,7.87630527570617
-0.0230573356862601,-0.176534537539966,0.491679298480178,"CAFs","grid_36",357.559402365,454.7995004025,0.178033939667128,46.7137535446877,-1.07709469664509,-8.24659087876738
0.0492995810231906,0.302314974377658,0.532765803337255,"Cancer Epithelial","grid_36",357.559402365,454.7995004025,0.306308329011841,27.1511832767646,1.33854195982835,8.20820927663818
0.00696403317994339,-0.106202792994066,0.442539538309576,"Myeloid","grid_36",357.559402365,454.7995004025,0.106430874269977,78.1411750795513,0.544177735973761,-8.29881104128662
0.0578218651135445,0.0915099060221689,0.583106905978233,"CAFs","grid_37",362.5717785525,398.4430653225,0.108247083034117,76.8300941428486,4.44245934018872,7.03071469468647
-0.0136379958092792,-0.0358886589819601,0.400772071736057,"T-cells","grid_37",362.5717785525,398.4430653225,0.038392587477498,216.620814762079,-2.95427376392788,-7.77423054939057
0.197818105140604,-0.101497644309315,0.42517373709242,"Cancer Epithelial","grid_38",335.0866303125,226.816829415,0.222337074105421,37.4055186867156,7.39948882840755,-3.79657203086971
-0.00757278092722801,0.00367967295311449,0.365256150574329,"Plasmablasts","grid_38",335.0866303125,226.816829415,0.00841944202507925,987.7891617315,-7.48031092408285,3.63474106180303
-0.0110825074819462,-0.273872787433721,0.328794804727012,"Cancer Epithelial","grid_42",373.6559368575,141.8539589775,0.274096927507048,30.3419438365874,-0.336264819585772,-8.3098327346836
-0.0317324012100224,0.0738385000591013,0.38920180313259,"T-cells","grid_42",373.6559368575,141.8539589775,0.080368335664811,103.481470798224,-3.28371554917246,7.64091658765055
-0.0291973224779671,0.0262540011437023,0.386053208083735,"B-cells","grid_43",506.19801474,295.81187823,0.0392652036278424,211.806709549388,-6.1841888017106,5.56077359475347
-0.0936897700287068,0.0998347233721244,0.552241840029754,"CAFs","grid_43",506.19801474,295.81187823,0.136911449480387,60.7446171358472,-5.69114920993937,6.06442204810292
0.301915701344469,-0.297529587484615,0.738701240444718,"Cancer Epithelial","grid_43",506.19801474,295.81187823,0.423883175116786,19.6201077759424,5.92361859962771,-5.83756257297983
-0.0547123562582214,0.031717520065699,0.302356098824003,"Endothelial","grid_43",506.19801474,295.81187823,0.0632411496293715,131.506679257732,-7.19504028588469,4.17106573813056
-0.0836340583911404,0.10150322504254,0.62795091569612,"Myeloid","grid_43",506.19801474,295.81187823,0.131520190149684,63.2346529512675,-5.28857065726981,6.4185212089994
-0.0317245150917154,0.0388375328056339,0.5089271934425,"T-cells","grid_43",506.19801474,295.81187823,0.0501477697633022,165.842541342408,-5.26127420566566,6.44091513995546
0.00410630546878731,-0.0192976943990188,0.438168980794499,"B-cells","grid_46",219.856433445,320.1980166,0.0197297428701165,421.527722634274,1.73092159269858,-8.13451317211055
0.0562214794819095,0.0494825189703071,0.385035984825206,"CAFs","grid_47",253.7450469675,160.628711265,0.0748957571480626,111.0427866262,6.24298974991895,5.4946767957467
0.0631271681117919,0.0389996571107321,0.349857802443235,"Myeloid","grid_47",253.7450469675,160.628711265,0.074202510796934,112.080217918228,7.07530675853022,4.37109006770701
-0.0138306075595821,-0.0747271527401816,0.35931407616587,"Myeloid","grid_48",161.133661755,252.36633411,0.0759962700540072,109.434760078221,-1.5135492200189,-8.17774803145037
-0.167660143654641,-0.139323213188047,0.303411339769397,"Cancer Epithelial","grid_49",308.0767295925,361.757422125,0.217992847367378,38.1509470638006,-6.39639326527741,-5.3153125310958
0.0474562677374377,0.0661672750762367,0.310959588538288,"Myeloid","grid_49",308.0767295925,361.757422125,0.0814260746848437,102.137228306647,4.84705165248005,6.75814208089033
0.0114127338535821,0.0455312991451731,0.406450864122079,"T-cells","grid_49",308.0767295925,361.757422125,0.046939851894312,177.176391585671,2.0220670023053,8.0670712867495
-0.00889063720669479,0.0582420344468909,0.413465784933062,"Myeloid","grid_50",198.3688098975,297.7747494975,0.058916703968008,141.159179317227,-1.25499505170424,8.22139778428876
0.0927878038371378,0.106578604987068,0.58298351993487,"CAFs","grid_51",279.5767298775,390.975243615,0.141310210465871,58.8537342969186,5.46090875302551,6.27254889964515
-0.219668049600285,-0.240783710181504,0.616123999789685,"Cancer Epithelial","grid_51",279.5767298775,390.975243615,0.325930739734631,25.5165670687316,-5.60517452048312,-6.14397368990436
0.0720526955322573,0.0612435369779979,0.522471387115668,"Myeloid","grid_51",279.5767298775,390.975243615,0.09456406164627,87.9470851337744,6.33682454809336,5.38619056049744
0.0333773815086565,0.0508085850700808,0.564314362216532,"T-cells","grid_51",279.5767298775,390.975243615,0.0607911335080869,136.806687098435,4.56624898821985,6.95095419959674
0.0171810336999935,0.0346350617318131,0.313412075827484,"T-cells","grid_54",355.40593704,346.7252440575,0.038662325591806,215.109501378846,3.69580359237876,7.45033085935588
-0.0127745228891578,0.0225520176009687,0.338897705835828,"Plasmablasts","grid_56",342.0074223225,526.9579155225,0.0259187563922349,320.873172089831,-4.09900168137821,7.23633742464852
-0.0532876312407552,0.00125502641808899,0.454371332855868,"B-cells","grid_59",319.19801661,165.658414185,0.0533024083373426,156.027351101386,-8.3143279489625,0.195818447576685
-0.041210825769298,-0.0267844754061105,0.452945206818268,"Plasmablasts","grid_59",319.19801661,165.658414185,0.0491501809088021,169.208605673934,-6.97322636709433,-4.53216373717573
0.0170573087021325,-0.0347586696542856,0.404173189649446,"T-cells","grid_59",319.19801661,165.658414185,0.038718430963762,214.797794569306,3.6638722905059,-7.46608558390361
-0.0199631671937581,-0.151963692677183,0.325786090115052,"Cancer Epithelial","grid_62",361.084154805,291.5519772825,0.153269344412023,54.2615590358565,-1.08323257522678,-8.24578688150972
-0.0999742694727988,-0.0198208420653482,0.480240397086358,"CAFs","grid_67",479.7598961925,117.7252463475,0.101920166487302,81.5994897460865,-8.15784937671814,-1.61737059887018
0.296647941663754,0.0324307486056782,0.540657487307277,"Cancer Epithelial","grid_67",479.7598961925,117.7252463475,0.298415406352398,27.8693170766757,8.26737554637036,0.903822815925604
-0.033308992890464,0.0108965283171718,0.305791097618784,"Endothelial","grid_67",479.7598961925,117.7252463475,0.0350460174163043,237.306096193711,-7.90442707098009,2.58581259701228
-0.0274134439657832,0.00238307218554805,0.328749988678548,"Plasmablasts","grid_67",479.7598961925,117.7252463475,0.0275168301791226,302.238067613978,-8.2853863308624,0.720255132344662
-0.011245592099069,-0.0203683803672201,0.384045826699079,"PVL","grid_67",479.7598961925,117.7252463475,0.0232665910791075,357.449595943087,-4.019732351953,-7.28066933227795
-0.041493253730499,-0.0243246831351978,0.425018146827515,"T-cells","grid_67",479.7598961925,117.7252463475,0.0480976123604004,172.911568205977,-7.17466357250907,-4.20601910702052
-0.0106374824869749,-0.0840266886681984,0.5111779521658,"B-cells","grid_68",254.26732419,123.628711635,0.0846973461343568,98.1923750834788,-1.04451967030498,-8.25078013073044
0.0718059139519455,0.227963402128961,0.373225381889759,"Cancer Epithelial","grid_68",254.26732419,123.628711635,0.239005025028104,34.7968984301567,2.49862309447042,7.93241934967443
-0.00757359955508855,-0.210282868115637,0.630360351286998,"PVL","grid_68",254.26732419,123.628711635,0.210419210228437,39.5241174566296,-0.299339838384798,-8.3112447785194
0.037145859274229,-0.100597103695815,0.517275876441393,"CAFs","grid_75",468.83167848,343.7747490375,0.107236151242048,77.5543833294437,2.88082420925512,-7.80174634185705
-0.0981136512017074,0.298012840177954,0.556530663106722,"Cancer Epithelial","grid_75",468.83167848,343.7747490375,0.313748213481864,26.5073495970065,-2.60073285264242,7.89953053899386
0.0144887597873995,-0.0312653608795902,0.389214342780831,"Endothelial","grid_75",468.83167848,343.7747490375,0.0344593521574039,241.346196591601,3.4968070680182,-7.54577593335292
0.0325736487606762,-0.112744120013358,0.504152381593641,"Myeloid","grid_75",468.83167848,343.7747490375,0.117355354335328,70.8670995652764,2.30840000992718,-7.98984877838614
0.00934671163425859,-0.0459801478520563,0.408180656515089,"T-cells","grid_75",468.83167848,343.7747490375,0.0469205180584245,177.249398010574,1.65669901055076,-8.14995352721415
0.0444252258106124,0.0899314407047517,0.400715053761305,"CAFs","grid_76",433.5074214075,120.4282166175,0.10030585583881,82.9127423384402,3.68341730096233,7.45646237127779
-0.161200749468002,-0.322008364802544,0.594600994399193,"Cancer Epithelial","grid_76",433.5074214075,120.4282166175,0.360104246895054,23.0950721962014,-3.72294294704528,-7.43680643289551
0.0362874710229149,0.0885117981378195,0.320488251088373,"Myeloid","grid_76",433.5074214075,120.4282166175,0.0956614810821419,86.9381645163818,3.15476612567361,7.69505326814653
0.0119298441788982,0.0397463003786705,0.542890780091035,"Plasmablasts","grid_76",433.5074214075,120.4282166175,0.0414980671347991,200.410143276912,2.39086178116422,7.96556175361653
0.0328545866949576,0.0613060355004545,0.510436560231788,"T-cells","grid_76",433.5074214075,120.4282166175,0.0695546824856492,119.569715265625,3.92841357628586,7.33034520885362
0.0160109915438493,-0.0145377799833653,0.314822657435711,"PVL","grid_78",443.3341539825,245.5717797225,0.0216263472889425,384.560252782599,6.15719095540274,-5.59065234530077
-0.0723082096415405,-0.246667619646545,0.38802318336553,"Cancer Epithelial","grid_80",268.4282151375,526.5866283975,0.257047450412677,32.354468277542,-2.33949367505308,-7.98079967495093
0.0712878901071972,0.250184825507812,0.395700460999369,"Endothelial","grid_80",268.4282151375,526.5866283975,0.260143057163381,31.9694619986602,2.2790354937467,7.99827427171343
-0.0245997765113904,-0.0680826321042887,0.521378475162848,"CAFs","grid_82",498.0519752175,104.8985138025,0.0723905642929952,114.885602307769,-2.82616014114759,-7.82171419599943
0.0628301984712297,0.179548559398893,0.418908094008879,"Cancer Epithelial","grid_82",498.0519752175,104.8985138025,0.190224391238747,43.7201219362134,2.74694393843865,7.84988491039107
0.00113014250276294,-0.0168755049399516,0.409514740788011,"Plasmablasts","grid_82",498.0519752175,104.8985138025,0.0169133050896294,491.721371791458,0.555715221778424,-8.29804643874653
-0.0123872559057647,-0.0129257241709917,0.349889910179283,"PVL","grid_82",498.0519752175,104.8985138025,0.0179030291911582,464.537788069259,-5.75434845871181,-6.00448731558585
-0.00506787309384647,-0.056385953263395,0.388519279876738,"T-cells","grid_82",498.0519752175,104.8985138025,0.0566132410582285,146.902622509213,-0.744483848029923,-8.28324440707461
-0.144218465212344,-0.0969432342910104,0.55728103978039,"CAFs","grid_83",379.1707882875,453.7351439775,0.173772714725315,47.8592602604282,-6.90218906095707,-4.63963148042114
0.22130149387078,0.156088795471217,0.552808183729421,"Cancer Epithelial","grid_83",379.1707882875,453.7351439775,0.27081001322162,30.7102144461475,6.79621633402444,4.79352038156193
-0.0781922609693834,-0.0590644450941661,0.492604356387438,"Myeloid","grid_83",379.1707882875,453.7351439775,0.0979930525587703,84.8696245604981,-6.63614783200806,-5.01277728001604
-0.179319998138354,-0.0672780287883744,0.360125623807317,"Cancer Epithelial","grid_85",233.34653232,122.351483925,0.191525441886943,43.4231269656033,-7.78663504663351,-2.9214223860731
0.0601794675953005,0.140468325179613,0.331680421874353,"Normal Epithelial","grid_85",233.34653232,122.351483925,0.152816617875214,54.4223114988131,3.27510573130418,7.64461094864146
0.00507007368238353,0.0692962245729511,0.347766328834704,"Cancer Epithelial","grid_86",455.1707875275,175.1559388425,0.0694814535484806,119.695733975932,0.606866190724953,8.29446246202038
-0.013050135076798,-0.0268565465922236,0.337506298324555,"PVL","grid_86",455.1707875275,175.1559388425,0.0298593389140308,278.527049917105,-3.63481562396029,-7.48027469329331
-0.0237017737350719,0.149730933024955,0.337481230236745,"Cancer Epithelial","grid_87",415.014847335,173.1905923275,0.151595271637053,54.8607716480204,-1.30029759653283,8.21435452532706
-0.0775736686792981,-0.0524281035231037,0.608084380568815,"B-cells","grid_91",318.04950177,125.7153452775,0.0936289491097427,88.8254504539195,-6.89051606380176,-4.65694991188441
0.149468879242916,0.144977619130145,0.392779708841253,"Cancer Epithelial","grid_91",318.04950177,125.7153452775,0.208229334894915,39.9397788231762,5.96975397791008,5.79037404236868
-0.101442239026739,-0.0770944213331099,0.405642472980803,"PVL","grid_91",318.04950177,125.7153452775,0.127413019976159,65.273027683954,-6.62144207631459,-5.0321862979545
0.0517640923987871,-0.0425017707138619,0.409007417558445,"T-cells","grid_94",341.1658381725,159.3094043475,0.0669770242372999,124.171440503748,6.42762191952653,-5.27750609350026
-0.00950772186673541,-0.129678329171477,0.4553511764511,"Myeloid","grid_95",280.3143536325,445.599005445,0.130026404363887,63.9611132899236,-0.608124475447347,-8.29437030338483
-0.00293513463862397,-0.0328469393892602,0.367761261493018,"T-cells","grid_95",280.3143536325,445.599005445,0.0329778174321555,252.188720412126,-0.740207848751887,-8.28362761403217
-0.109857703355834,-0.0116646759842079,0.487681209571956,"CAFs","grid_96",144.4034639025,290.4529673925,0.110475244523083,75.2805175141502,-8.2701447615432,-0.878122844726048
0.249640273767772,0.0163225505949839,0.46415542242239,"Cancer Epithelial","grid_96",144.4034639025,290.4529673925,0.250173323807264,33.2434867700252,8.2989131382644,0.542618494757414
-0.0704138602913704,-0.0222329918666183,0.411352500279362,"Myeloid","grid_96",144.4034639025,290.4529673925,0.0738404878672517,112.62972144972,-7.93069347081656,-2.50409568093111
-0.0284922342953746,0.000354052375649975,0.422885873122784,"Plasmablasts","grid_96",144.4034639025,290.4529673925,0.0284944339867846,291.868706150021,-8.31599155911424,0.103336808790299
-0.031420407134098,-0.00242967022742961,0.48320640247989,"T-cells","grid_96",144.4034639025,290.4529673925,0.0315142076195251,263.901084888687,-8.2918795303327,-0.641192608940416
-0.0230229245263628,0.0448436097304664,0.375292227634627,"Plasmablasts","grid_98",243.529700535,178.1955427725,0.0504083761631436,164.985151540762,-3.79844069189351,7.39852974701581
-0.00666663152274432,0.038724533717492,0.384674239586744,"T-cells","grid_98",243.529700535,178.1955427725,0.0392941915236492,211.650456663414,-1.41099560619555,8.19606524538495
-0.0963215971973373,-0.101732903537737,0.301632332887982,"Cancer Epithelial","grid_100",304.8514821,398.7400950225,0.140097943414115,59.3629954696544,-5.71793853805541,-6.03916989182545
0.0833951417594866,0.0517669214706557,0.458848823263632,"Myeloid","grid_100",304.8514821,398.7400950225,0.0981558140286856,84.7288941821572,7.06597814144554,4.38615401142323
0.0309570354307942,0.0174817373896205,0.316244509489315,"T-cells","grid_100",304.8514821,398.7400950225,0.0355520630178208,233.928297663942,7.24172659904801,4.08947306776201
-0.0285453598404372,-0.0774479832224817,0.330175044281227,"CAFs","grid_101",363.7623726,162.3589092675,0.0825410665890007,100.757524997966,-2.87615980769878,-7.80346710558124
0.0915946934976381,0.237901626317965,0.342333063105686,"Cancer Epithelial","grid_101",363.7623726,162.3589092675,0.254925031492906,32.6238405522427,2.98817067609848,7.76126472411651
0.00373956769879582,-0.0358950899623609,0.305869775193409,"Plasmablasts","grid_101",363.7623726,162.3589092675,0.0360893592348196,230.445587190586,0.861766874187952,-8.27186508363517
-0.022114903033486,-0.0676974558882757,0.321947822252884,"T-cells","grid_101",363.7623726,162.3589092675,0.0712180768479852,116.777003090828,-2.58251209989476,-7.90550601550637
-0.0854873602010044,0.0174944527921744,0.392341287761389,"CAFs","grid_103",482.3688070575,136.5321768525,0.0872590661916221,95.309678904156,-8.14777285112165,1.66739067822606
0.254720177148539,-0.0232714195612524,0.487497383587053,"Cancer Epithelial","grid_103",482.3688070575,136.5321768525,0.255781014961976,32.5146633007001,8.28214079587942,-0.756662371563448
-0.0322584059544539,0.0117265879795201,0.381664795530283,"T-cells","grid_103",482.3688070575,136.5321768525,0.0343237180439965,242.299903802369,-7.81620865958196,2.84135113936773
-0.0104654065657302,-0.098839298154309,0.367652563641068,"CAFs","grid_104",366.24752109,472.460391315,0.0993918084865268,83.6752415198017,-0.875695421990394,-8.27040214470949
0.0206730406986352,0.149903009676539,0.342291173242704,"Cancer Epithelial","grid_104",366.24752109,472.460391315,0.151321799228703,54.9599173588367,1.13618860835286,8.23865702366347
0.194528539887911,-0.185843860537982,0.455881372593531,"Cancer Epithelial","grid_105",319.29702651,212.0519780775,0.269034000324463,30.912946208174,6.01345028950961,-5.74498126393003
-0.0532041453030587,0.0316805930498594,0.322561086976327,"Endothelial","grid_105",319.29702651,212.0519780775,0.0619220562757712,134.308097637483,-7.14574754208204,4.25496018455388
-0.109398083954363,0.0967611173188401,0.344491770539688,"Normal Epithelial","grid_105",319.29702651,212.0519780775,0.14605017835551,56.943672879029,-6.22952870628981,5.50993341201338
-0.00685101601795391,0.00857262389628589,0.40622439045984,"Plasmablasts","grid_105",319.29702651,212.0519780775,0.010973891786665,757.856350497828,-5.19208599656871,6.49681746022969
0.00879541640434281,-0.270023606977143,0.381010565776734,"Cancer Epithelial","grid_108",418.0965304725,364.6608874425,0.270166814532563,30.7833276806748,0.270752185262867,-8.31222517509515
0.0228031108921042,0.136226271275926,0.430715457021036,"CAFs","grid_109",400.183164315,368.6856398775,0.13812160892525,60.2124001082327,1.37303003674778,8.20251075131869
-0.106412296035818,-0.269739171686661,0.505611786531559,"Cancer Epithelial","grid_109",400.183164315,368.6856398775,0.289970338982836,28.6809803008586,-3.05200896637243,-7.73638386951504
-0.0253504434925319,0.00707147357918909,0.338126579973245,"Plasmablasts","grid_111",362.25742212,527.05940067,0.0263182583741634,316.002429262737,-8.01080172652781,2.23460282949101
-0.0420510356699632,0.0246118121959727,0.310169270280341,"Myeloid","grid_112",176.37623586,507.91088601,0.0487240279583529,170.688547903073,-7.17763021632636,4.20095448499374
0.0345802075229532,-0.112557005561867,0.743115447608964,"B-cells","grid_113",272.8242546975,125.490097755,0.117749183663348,70.6300742090729,2.44240262351132,-7.94990965558573
-0.053862076467425,0.234153548073671,0.364872549102417,"Cancer Epithelial","grid_113",272.8242546975,125.490097755,0.240268615005938,34.6138990312757,-1.8643764764583,8.10496727083702
-0.0196958220269423,-0.179799959816417,0.626499960288293,"PVL","grid_113",272.8242546975,125.490097755,0.180875512315245,45.9798757374358,-0.905611449345458,-8.26717980995482
0.0130033447898726,-0.0566662172789161,0.466743412593644,"T-cells","grid_113",272.8242546975,125.490097755,0.0581390329849546,143.047332458251,1.86009378522616,-8.10595122224858
-0.0806480880505225,-0.0961458776573946,0.314067656363626,"Normal Epithelial","grid_114",297.95049207,295.341581205,0.125491608869739,66.2724277352498,-5.34474458731431,-6.37182072909185
0.0909485263840333,0.105692740356805,0.590014308537765,"CAFs","grid_119",343.95049161,409.509896895,0.139436687480584,59.6445148724437,5.42458073453931,6.30399222412078
-0.0189720300061057,-0.0316472528596036,0.305216650553492,"Endothelial","grid_119",343.95049161,409.509896895,0.0368983270096662,225.393242843267,-4.27616736639595,-7.13307694910693
-0.0604599480815479,-0.0445711452738399,0.48057078923495,"T-cells","grid_119",343.95049161,409.509896895,0.0751131966637368,110.721337256242,-6.69420630203191,-4.93497680776176
0.0236190340032078,0.108807674477429,0.410963822801977,"CAFs","grid_121",232.420789755,438.3094015575,0.111341675900944,74.6947045021933,1.76421676549686,8.12735709266241
-0.00860888821875118,-0.047015108130069,0.516663292795977,"Plasmablasts","grid_122",242.35643322,142.9529688675,0.0477967922443027,173.999826969378,-1.49794506046143,-8.18062067957863
-0.0195023595928618,-0.0611271976501821,0.555390311856831,"T-cells","grid_122",242.35643322,142.9529688675,0.0641628889799525,129.617504953658,-2.52784719113579,-7.9231548442257
-0.00776337976132597,-0.0971767218758584,0.389992238493554,"CAFs","grid_124",452.22771825,155.757424185,0.0974863341184625,85.3107633537012,-0.662299853643393,-8.29022032343979
0.0969269101866717,0.315007201457022,0.664538983159434,"Cancer Epithelial","grid_124",452.22771825,155.757424185,0.32958210340994,25.2338749408843,2.44584153005679,7.94885232704443
-0.0146314538598981,-0.0869001124526187,0.565317942483164,"Myeloid","grid_124",452.22771825,155.757424185,0.0881232601889654,94.3750102114514,-1.38084360743626,-8.20119900009216
-0.0128945103062033,-0.0381565915298811,0.337321435366115,"Plasmablasts","grid_124",452.22771825,155.757424185,0.0402764679833644,206.488651975021,-2.66257005100594,-7.87890314896664
-0.0169348901580296,-0.0629761279271065,0.482987562768589,"T-cells","grid_124",452.22771825,155.757424185,0.0652133666770533,127.529584868471,-2.15969951164667,-8.03131945116762
-0.0117414051079156,0.017112549710531,0.442196806154355,"B-cells","grid_125",237.56435406,289.747521855,0.0207533118201308,400.737658272585,-4.70522318777588,6.85764309807141
-0.113165756898482,0.244105485544478,0.493833907546054,"Cancer Epithelial","grid_125",237.56435406,289.747521855,0.269061287827349,30.9098110967811,-3.49793216835633,7.54525444586783
0.02820812198512,-0.0413902287453118,0.326261622841643,"Endothelial","grid_125",237.56435406,289.747521855,0.0500884136454394,166.039069216105,4.68365031874366,-6.87239505551323
0.0757943384830776,-0.236075371717889,0.557962972502467,"Normal Epithelial","grid_125",237.56435406,289.747521855,0.247944273734698,33.5423498793881,2.54232022027616,-7.91852271606802
0.0121556652706304,-0.0802577916516513,0.414009287341349,"CAFs","grid_127",333.6361352775,180.4133645325,0.0811731071166521,102.455528383906,1.24541510816033,-8.22285445059538
-0.00441571218455132,0.201706459633321,0.354500915691578,"Cancer Epithelial","grid_127",333.6361352775,180.4133645325,0.201754787729822,41.2214930499551,-0.182022249126084,8.31464142390598
0.00841836909680802,-0.0389347061144766,0.433715859527327,"T-cells","grid_127",333.6361352775,180.4133645325,0.0398344107333189,208.780133233995,1.75758822164452,-8.12879313000686
-0.104547401634847,-0.106199828564014,0.349469065413552,"Cancer Epithelial","grid_129",248.2896014775,104.8094048925,0.149025376280766,55.8068282581036,-5.83445888786689,-5.92667559371198
-0.0015457173022219,-0.0635172534049779,0.321753851989835,"CAFs","grid_133",527.64355908,260.0915815575,0.0635360584399959,130.896278182795,-0.202328641983596,-8.31417207110506
0.019685465138285,0.205275970803967,0.4086228676911,"Cancer Epithelial","grid_133",527.64355908,260.0915815575,0.206217704689054,40.3293868135147,0.793902738165854,8.27865403007294
-0.0140255649206495,-0.0418888454183511,0.414820917369112,"Endothelial","grid_133",527.64355908,260.0915815575,0.0441745610258423,188.267486695221,-2.64055785709133,-7.88630764747759
0.0500064035532925,-0.0544234722487881,0.427161068479695,"Myeloid","grid_136",132.084157095,190.549503045,0.0739090977346453,112.525167200107,5.62697892091025,-6.12401031440526
0.00469125626757148,-0.0371112065689525,0.461813846354849,"T-cells","grid_138",173.777225985,489.103955505,0.0374065440581123,222.330979501336,1.04301160106095,-8.25097090695165
-0.176252230185952,-0.0670054877234815,0.563166220579342,"CAFs","grid_139",370.4678180775,438.420787695,0.188559232154205,44.1062125953005,-7.77381833497744,-2.95535828658368
0.300721419203336,0.119759343793759,0.636126984324255,"Cancer Epithelial","grid_139",370.4678180775,438.420787695,0.323690704830367,25.6931492195872,7.72648029711736,3.07699469053289
-0.112832558387024,-0.0615674823880359,0.585854461439198,"Myeloid","grid_139",370.4678180775,438.420787695,0.128536925121781,64.7022913635169,-7.30052506804824,-3.98355718398889
-0.0604596505954516,0.0784131137172559,0.36705823653496,"Myeloid","grid_140",454.7796984225,118.7747512875,0.0990150784121257,83.9936069694767,-5.07822412962625,6.58620025482007
-0.0250703947543353,0.0536369972350704,0.36568798262376,"CAFs","grid_141",315.836630505,296.0173237725,0.0592068591088326,140.467400321178,-3.52157317616718,7.53424956264458
0.0985108241762943,-0.217368474873699,0.526668005974944,"Cancer Epithelial","grid_141",315.836630505,296.0173237725,0.238649190966177,34.848781789412,3.43298221561481,-7.57502654877082
-0.019099601813377,0.0130678327065094,0.305510777852502,"Endothelial","grid_141",315.836630505,296.0173237725,0.0231422350060419,359.370371013375,-6.86383098988103,4.696191888079
-0.0330840076639628,0.0396262781484089,0.306367968301703,"Myeloid","grid_141",315.836630505,296.0173237725,0.0516216377404303,161.107511195569,-5.33008213511619,6.38409105043353
-0.0307945038152631,0.0548116586386694,0.315862780057713,"Plasmablasts","grid_141",315.836630505,296.0173237725,0.0628698607279377,132.283314833308,-4.07359904332995,7.25066789623491
0.155520527547859,0.319405770129378,0.666129822395295,"Cancer Epithelial","grid_142",271.6608883725,288.15841296,0.355255795843932,23.4102685374726,3.64077731298478,7.477374851147
-0.0269333099206912,-0.0466290847051302,0.495965976503412,"Endothelial","grid_142",271.6608883725,288.15841296,0.0538486278722329,154.444670343931,-4.15970617197208,-7.20161361572305
-0.162317265313543,-0.24045044462175,0.610069582379532,"Normal Epithelial","grid_142",271.6608883725,288.15841296,0.29010913625335,28.667258424213,-4.6531909914549,-6.89305503418863
0.00655419616880194,-0.0544310815425918,0.371958574440096,"Plasmablasts","grid_142",271.6608883725,288.15841296,0.0548242658438343,151.696214298423,0.994246746576483,-8.25698901017994
0.0178078300866046,0.0123349652900058,0.320809603220382,"PVL","grid_142",271.6608883725,288.15841296,0.0216626448315765,383.915890458458,6.83670894483172,4.73558918308675
0.0226667873284385,-0.156302529510225,0.314716110413074,"Cancer Epithelial","grid_143",188.5915822725,428.688114525,0.157937531888679,52.6577405683528,1.19358180665894,-8.23053804912674
-0.134138804075499,-0.182049246485201,0.404843565380598,"Cancer Epithelial","grid_145",249.3193044375,234.60395805,0.226130818122242,36.7779750202123,-4.93335358552986,-6.69540263968119
0.0268543028192399,0.0617647737638809,0.359963654573988,"Endothelial","grid_145",249.3193044375,234.60395805,0.06735013628799,123.48354492763,3.31606450867979,7.62693321601707
0.0928916097423941,0.123520496510246,0.354373094333106,"Normal Epithelial","grid_145",249.3193044375,234.60395805,0.154551493744548,53.8114086036996,4.99862836770337,6.64681190864473
0.0109421261822719,0.0142254422188226,0.381348973874229,"Plasmablasts","grid_145",249.3193044375,234.60395805,0.0179469588429299,463.400716131708,5.0705891088683,6.59208011149261
-0.00744852365557329,-0.0732243199057549,0.626677495358691,"T-cells","grid_146",297.28712574,426.89108484,0.0736021842767452,112.994385450972,-0.841641352978529,-8.27393702781612
0.0364975835070035,-0.0378457270143578,0.483395760669172,"Endothelial","grid_149",129.1608897975,434.262371895,0.0525773017099203,158.179163055658,5.77315721269179,-5.98640542436402
0.0698160794181832,0.0519258401127769,0.331613494201514,"Myeloid","grid_151",132.2598996675,155.31683013,0.0870090674398004,95.5835273829832,6.67326713884045,4.96325496030402
-0.00756373776256383,-0.0315940332592822,0.564181572005068,"PVL","grid_151",132.2598996675,155.31683013,0.032486813733105,256.000285178017,-1.93631902422808,-8.08808152429998
0.0420404250707546,-0.0353960859047116,0.371766330731927,"T-cells","grid_151",132.2598996675,155.31683013,0.0549570763187368,151.329621902841,6.36196163059201,-5.35647629680048
-0.18973583594174,0.105754088853127,0.362795798704506,"Cancer Epithelial","grid_152",223.133661135,139.9183154325,0.217217896936845,38.287055060744,-7.26442639769768,4.04901262281847
0.153617259168393,0.0976892795505195,0.339446136945347,"Normal Epithelial","grid_152",223.133661135,139.9183154325,0.182047954268947,45.6837519190877,7.01781275833905,4.46281281214034
-0.0109823755197102,-0.048775343795256,0.440287408019028,"T-cells","grid_152",223.133661135,139.9183154325,0.0499964672192081,166.344424771773,-1.8268569384538,-8.11350650666735
-0.00533208956870421,0.0960890971761132,0.509628953375115,"Myeloid","grid_153",325.5445512,378.2896001775,0.0962369252173468,86.4183218802684,-0.460790232642702,8.30385852894974
0.103801953278913,0.0861455047505871,0.525732681199118,"CAFs","grid_154",267.3440567325,407.361382065,0.134892155047101,61.6539455337195,6.3997999737518,5.31121025786747
-0.255440243652376,-0.228249209938872,0.678915541838477,"Cancer Epithelial","grid_154",267.3440567325,407.361382065,0.34256009679311,24.2778819192793,-6.20154807282432,-5.54140736706473
0.0728704074843115,0.0775616803017132,0.645587274508048,"Myeloid","grid_154",267.3440567325,407.361382065,0.106423261264419,78.1467649214067,5.69458660340361,6.06119439744729
0.0469384943385736,0.0490828220040002,0.612882997468111,"T-cells","grid_154",267.3440567325,407.361382065,0.067914252308692,122.457853800676,5.74798727733689,6.01057704109044
-0.0793423501495493,0.0214313395939029,0.34888611847129,"CAFs","grid_155",351.559402425,106.5074246775,0.082185831163546,101.193033670856,-8.0288931102082,2.16870226913737
0.250048206485242,-0.0307535458063614,0.376768458316986,"Cancer Epithelial","grid_155",351.559402425,106.5074246775,0.251932304689474,33.0113821268411,8.25443689441559,-1.01521705236911
-0.0687768297345919,-0.0100707226144489,0.334234855425459,"Myeloid","grid_155",351.559402425,106.5074246775,0.0695102277533185,119.646185158744,-8.22888530505637,-1.2049235426107
-0.0375050115793368,0.0110661983077226,0.309753915623828,"T-cells","grid_155",351.559402425,106.5074246775,0.0391035374173748,212.68238449713,-7.9766552932858,2.35358544340455
-0.0208447419330201,-0.011029133703095,0.385302442408688,"B-cells","grid_157",183.787126875,311.2054424325,0.0235827279273402,352.657826771527,-7.35106138971218,-3.8895103229061
0.0449944180860772,0.220262760324892,0.400690149963487,"Cancer Epithelial","grid_162",146.925741105,525.9678165225,0.224811434862299,36.9938192214026,1.66451536864855,8.14836073666618
0.0366400093764369,-0.046006312288095,0.323645673733172,"CAFs","grid_164",238.70296791,330.8638580775,0.05881386790082,141.405996188257,5.18111702622214,-6.50556842004612
-0.151608134475446,0.143131769447425,0.359652168154816,"Cancer Epithelial","grid_164",238.70296791,330.8638580775,0.208498752668393,39.8881694675037,-6.04737096060866,5.70926427590257
0.0268545539338208,-0.025018257773974,0.312000350579403,"T-cells","grid_164",238.70296791,330.8638580775,0.0367025924020293,226.595263056682,6.08511471290397,-5.66901870151351
0.0522069783278418,-0.0965142065485031,0.459264029690325,"CAFs","grid_169",466.56435177,324.3836601225,0.109729488524329,75.7921475078784,3.9568790023644,-7.31501897932999
-0.116116446296663,0.352118093994702,0.644988943275669,"Cancer Epithelial","grid_169",466.56435177,324.3836601225,0.37076971453859,22.4307252024339,-2.60457609836362,7.89826420519998
-0.0102879183305706,-0.0572810026993317,0.314410308931392,"Endothelial","grid_169",466.56435177,324.3836601225,0.0581975474897125,142.903506057023,-1.47017959946684,-8.18565611619629
0.0681390012977597,-0.102257240899129,0.506638448194707,"Myeloid","grid_169",466.56435177,324.3836601225,0.122879887752873,67.6809991633928,4.61171568982809,-6.92087223574483
-0.00394948595575557,-0.00699467640042227,0.306800879086323,"Plasmablasts","grid_169",466.56435177,324.3836601225,0.00803267933265948,1035.34987963306,-4.08909980890401,-7.24193736924944
0.0100181568116984,-0.062489287184894,0.543550545517477,"T-cells","grid_169",466.56435177,324.3836601225,0.063287237882372,131.410910927375,1.31649511243857,-8.21177415216929
-0.0218669133156181,-0.0524688129302172,0.442555776321896,"CAFs","grid_171",425.886134355,492.143559435,0.0568431018528975,146.308581148903,-3.19931706131413,-7.67663757438728
-0.0475444296790045,-0.333679665494422,0.611580573893571,"Cancer Epithelial","grid_171",425.886134355,492.143559435,0.337049836015345,24.6747889823075,-1.1731487696136,-8.23347533376182
0.0408602864618236,0.331094570516238,0.601677334119199,"Endothelial","grid_171",425.886134355,492.143559435,0.333606321335604,24.9294843901761,1.01862587352815,8.2540169273566
0.00517061311430484,0.0359325583376137,0.578501284501078,"Plasmablasts","grid_171",425.886134355,492.143559435,0.0363026719218274,229.09150043029,1.18454351650063,8.23184370386286
0.0334660674081376,0.142417170090823,0.624103340557997,"CAFs","grid_172",250.084155915,416.07920376,0.1462963704418,56.8478462936887,1.90247385607203,8.09610939490523
-0.0806699485379331,-0.365645584034291,0.751245993315436,"Cancer Epithelial","grid_172",250.084155915,416.07920376,0.374438691538268,22.2109353764527,-1.7917550137978,-8.12133043767095
0.0107198831269683,0.132220861277463,0.607206492865659,"Myeloid","grid_172",250.084155915,416.07920376,0.132654709871945,62.693843198091,0.672070671864011,8.28943394444582
0.0138509339101795,0.0464806891576456,0.306490113221048,"T-cells","grid_172",250.084155915,416.07920376,0.0485005446851253,171.475055263671,2.37508965770149,7.97027874200079
0.00591139615254042,-0.0310301011437316,0.324454498012562,"B-cells","grid_174",196.4876217975,469.8391042125,0.0315881588805439,263.283264201969,1.5563716750318,-8.1697063176389
-0.0236881649782141,-0.038151755124005,0.393408441945464,"Endothelial","grid_174",196.4876217975,469.8391042125,0.0449075225221469,185.194664793599,-4.38692177271584,-7.06550150147758
-0.0163445236161674,-0.0447759100378326,0.451808128572478,"T-cells","grid_174",196.4876217975,469.8391042125,0.0476657693943519,174.478114711508,-2.85176166640661,-7.8124163678931
0.0280765075907616,0.0491017573833853,0.347593297123165,"T-cells","grid_175",454.9331637675,288.50494761,0.0565621150296815,147.035406576217,4.12824070884788,7.21969686047284
0.0319439940116225,0.181714622762816,0.338208530741885,"Cancer Epithelial","grid_176",167.8490082225,526.074252165,0.184501010510098,45.0763578866406,1.4399189063966,8.19103336889259
-0.0988385659936563,-0.0298235937507841,0.592405755803602,"B-cells","grid_177",311.7351453975,106.301979135,0.103240054590717,80.5562687192518,-7.96206608201048,-2.40247743236197
0.158616802832358,0.0932038831743936,0.390277536233567,"Cancer Epithelial","grid_177",311.7351453975,106.301979135,0.183973514342541,45.2056026103585,7.17036815616516,4.21333770452391
-0.147805523057681,-0.0810888392920663,0.473227279556694,"PVL","grid_177",311.7351453975,106.301979135,0.16858787769021,49.3311482067665,-7.29141616373713,-4.0002055490316
0.00484500150422864,0.0203779613026577,0.30547067187713,"Plasmablasts","grid_178",485.2945496025,224.638611615,0.020946010274718,397.050964413889,1.92371251984072,8.09108918800914
-0.0739797689414765,-0.0280432668949996,0.486608935411754,"Myeloid","grid_183",362.12870925,418.995045315,0.07911656609572,105.118737966181,-7.77665994615766,-2.94787282445113
0.0659071296824606,0.0691712569603699,0.37318358730941,"CAFs","grid_185",407.8589068125,120.2995037475,0.095542726214287,87.0462243410045,5.73696679601115,6.02109675132163
-0.193359560865928,-0.212476929793579,0.39774927350845,"Cancer Epithelial","grid_185",407.8589068125,120.2995037475,0.28728794870786,28.9487728865964,-5.59752201295976,-6.15094638423562
0.0170464326853478,0.0392612094372904,0.360501435468861,"Plasmablasts","grid_185",407.8589068125,120.2995037475,0.0428021428642874,194.304140485898,3.31219245127723,7.62861555414955
-0.129544193852233,0.155577959265324,0.312809247587057,"Cancer Epithelial","grid_186",542.3193015075,361.77227361,0.202450486712153,41.079839892036,-5.3216547423926,6.3911176573492
-0.0748228446459708,-0.0266363313006401,0.417963517145402,"Myeloid","grid_187",203.3985128175,237.896037225,0.0794226178495304,104.713667282489,-7.83497445938756,-2.78918793344137
-0.0591209010773232,-0.0320678233884708,0.309336283111745,"T-cells","grid_188",383.7004912125,158.351483565,0.067257908390529,123.652872639303,-7.31046925123508,-3.96527848127425
0.23379689373812,0.163958067156301,0.483871876483343,"Cancer Epithelial","grid_189",462.7945498275,136.4331669525,0.285557761770231,29.1241727370445,6.80914111861343,4.77514306949206
-0.0730374462188095,-0.0528944740442699,0.405593882039251,"Myeloid","grid_189",462.7945498275,136.4331669525,0.0901792322798627,92.2233797066503,-6.73576013544133,-4.87810716416826
-0.0582693340552583,-0.0111264927458093,0.393055301954751,"T-cells","grid_189",462.7945498275,136.4331669525,0.0593221217764995,140.194472671317,-8.16903856078576,-1.55987278317997
-0.0153117002776486,-0.0147253149794761,0.300685061193951,"B-cells","grid_191",167.8539587175,324.6361353675,0.021243424079873,391.492141235346,-5.99441032765049,-5.76484509168004
-0.0832895942078593,0.0991903619438454,0.555226376151824,"CAFs","grid_194",520.668311625,304.6905910125,0.129521752635845,64.2103230611968,-5.34805175172263,6.36904518497135
0.180556916554914,-0.319947151559747,0.640353912463954,"Cancer Epithelial","grid_194",520.668311625,304.6905910125,0.36737852401442,22.6377783037572,4.08740744818014,-7.24289268592817
-0.0416002708120786,0.106730038602644,0.532660163792634,"Myeloid","grid_194",520.668311625,304.6905910125,0.114550790795001,72.6021489898168,-3.02026905951526,7.74883016431804
-0.0209683116552067,0.0435535933779951,0.436979630168581,"T-cells","grid_194",520.668311625,304.6905910125,0.048338241484415,172.050809562061,-3.60761499542791,7.49343100002088
-0.147528692013994,-0.268205698269561,0.610377035587522,"Cancer Epithelial","grid_195",232.93069074,270.9331656075,0.306102942735973,27.1694009403021,-4.00826618352656,-7.28698815075938
0.0991355512281513,0.221069648139336,0.5847002612423,"Normal Epithelial","grid_195",232.93069074,270.9331656075,0.242280099978845,34.3265236431971,3.40297884311452,7.58855250364819
0.067281974184988,-0.00824079407591953,0.387184043798103,"B-cells","grid_196",225.33663141,104.6905930125,0.0677847677375316,122.691776600942,8.25494494597493,-1.01107766577709
-0.0207739496364038,0.0646308458486147,0.3652333353056,"CAFs","grid_196",225.33663141,104.6905930125,0.0678874304905057,122.506235986691,-2.54493837653293,7.91768165354987
-0.242766248957078,-0.119724238714576,0.587849348590922,"Cancer Epithelial","grid_196",225.33663141,104.6905930125,0.270683108022047,30.7246124110657,-7.4588989056945,-3.67848083071525
0.0169276728262697,0.0358464707037529,0.368687491509102,"Myeloid","grid_196",225.33663141,104.6905930125,0.0396423456574941,209.791661978201,3.55128461564635,7.5202906649932
0.0309598341125383,0.0246019502851097,0.596682765798942,"Plasmablasts","grid_196",225.33663141,104.6905930125,0.0395444975452578,210.310766262279,6.51118643556099,5.17405501600793
0.0159203668024063,0.0377496875881026,0.326051468965206,"T-cells","grid_196",225.33663141,104.6905930125,0.0409694641424867,202.995908154321,3.23176931720437,7.6630321144888
-0.0614605901725121,0.0967327799565011,0.304214783581151,"CAFs","grid_197",452.222767755,357.202966725,0.114606434646866,72.5668991084649,-4.4600044461954,7.01959788358475
-0.0197392497850515,-0.0597880494259055,0.312474920192922,"CAFs","grid_200",226.1163343725,217.4529681225,0.0629622810596247,132.08914035888,-2.60734053543666,-7.89735205240207
0.0374604492219834,0.126115082588925,0.338538134349096,"Cancer Epithelial","grid_200",226.1163343725,217.4529681225,0.131561009848374,63.215033008526,2.36806353408189,7.97236910873185
0.013600753484989,-0.0409505628567542,0.30453066777196,"Plasmablasts","grid_202",218.113859205,197.4480178275,0.0431500764036915,192.737401027835,2.62137387871704,-7.89270505563778
0.00152525723171564,-0.0284913158987188,0.303642110331727,"B-cells","grid_204",175.8886121025,471.4975200375,0.0285321133332862,291.483265997602,0.444586959386937,-8.30474181072798
0.0676499462980824,-0.0643638115252032,0.378845978165411,"Myeloid","grid_204",175.8886121025,471.4975200375,0.093376739438606,89.0653671374773,6.02526730386934,-5.73258650385962
-0.014883254633848,-0.0232482028696618,0.386306470559372,"B-cells","grid_206",330.36633333,425.8836591075,0.0276041700683957,301.281783136158,-4.48405349495521,-7.00426001528286
-0.0578324592041878,0.148086663599131,0.31902223541258,"Cancer Epithelial","grid_206",330.36633333,425.8836591075,0.158978782463341,52.3128523903354,-3.02538090171877,7.7468357738386
-0.0218096536427804,-0.016094922164167,0.332265017674961,"Endothelial","grid_206",330.36633333,425.8836591075,0.0271054885860528,306.824706509048,-6.69174057801008,-4.93831976930652
0.0434953900287568,-0.143389043579128,0.624371789862253,"Myeloid","grid_206",330.36633333,425.8836591075,0.149840804763892,55.5031294266254,2.41413026222764,-7.95854064413238
-0.0380280009080308,-0.0538819366822518,0.537410025874959,"T-cells","grid_206",330.36633333,425.8836591075,0.0659499200431008,126.105286780708,-4.79553196020426,-6.79479707761533
0.055391716671659,0.0548329949568808,0.331750716767505,"Myeloid","grid_207",520.4678165775,144.361384695,0.0779416423471732,106.703340213893,5.91048118904761,5.85086371583074
0.150498763405183,0.293127676673966,0.528063521814672,"Endothelial","grid_208",248.1757400925,526.4826680025,0.329505254311318,25.2397601294164,3.79855268812059,7.39847224654402
0.0155785291047119,0.0243697894931602,0.352985214099122,"Plasmablasts","grid_208",248.1757400925,526.4826680025,0.0289236444627453,287.537540122654,4.47941193749803,7.00722932417017
-0.0159588712747125,-0.0637471838620151,0.364188419125474,"CAFs","grid_209",248.0767301925,213.45544341,0.065714450638352,126.557149902525,-2.01970926418889,-8.06766190388887
0.0220923901682245,0.153586904033562,0.349801125251986,"Cancer Epithelial","grid_209",248.0767301925,213.45544341,0.155167686049511,53.5977160705118,1.18410165555546,8.23190727453979
-0.00664020626761327,-0.03004785638241,0.309845534309605,"Plasmablasts","grid_209",248.0767301925,213.45544341,0.0307728128784872,270.259128180448,-1.79457635682351,-8.12070746960142
0.018273131102762,0.106046349699905,0.535633404159821,"Myeloid","grid_211",336.757422375,363.6633627,0.107609179928913,77.285540004059,1.41224880484193,8.19584940201641
0.00838864107337444,0.0590656516500486,0.466888702057483,"T-cells","grid_211",336.757422375,363.6633627,0.0596583649114087,139.404316436597,1.16941277466573,8.2340067931572
0.0277687373656248,-0.00663645607910327,0.316847802747562,"B-cells","grid_215",153.67326579,459.638609265,0.0285507499756296,291.29299886339,8.08883878188271,-1.93315319310717
0.129951416190144,0.0121933750140107,0.545310490210266,"CAFs","grid_215",153.67326579,459.638609265,0.130522216362029,63.718145554104,8.28026325176552,0.776939243938505
-0.380923113674758,0.00432513238377191,0.634652577880689,"Cancer Epithelial","grid_215",153.67326579,459.638609265,0.380947667405655,21.8314332696621,-8.31609753706239,0.094423839018771
0.0524274959723856,-0.00737335453815737,0.485981464340115,"Endothelial","grid_215",153.67326579,459.638609265,0.0529434480467591,157.085227483764,8.23558513122633,-1.15824507494489
0.0999636458846727,0.000163710961697909,0.677090369389165,"Myeloid","grid_215",153.67326579,459.638609265,0.0999637799397123,83.1964696134513,8.31662242729397,0.0136201740502889
0.0346245271435724,0.0070784934119106,0.393186890127353,"PVL","grid_215",153.67326579,459.638609265,0.0353406698988353,235.327558985351,8.14810545371894,1.66576457591881
0.0418364498502886,-0.00850324779512686,0.495407091022347,"T-cells","grid_215",153.67326579,459.638609265,0.0426918465182878,194.806134155791,8.14999706213733,-1.65648483073742
0.0337685634285826,0.0566855503988457,0.31626545981801,"CAFs","grid_219",212.12871075,446.4282133575,0.0659815693966905,126.044797907113,4.25635175296922,7.14491874427597
-0.0187774282437989,-0.0547760272228132,0.447580229693383,"Endothelial","grid_219",212.12871075,446.4282133575,0.0579051376802213,143.625141280697,-2.69691078440377,-7.86721464867185
0.0401639151140765,-0.0102248776664022,0.301484506337793,"B-cells","grid_221",211.3935622425,125.17821657,0.0414450021182728,200.666742794863,8.05956202383111,-2.05179289679288
-0.176209871210927,0.0401125984038418,0.391706553743247,"Cancer Epithelial","grid_221",211.3935622425,125.17821657,0.180717844339953,46.0199910560873,-8.10917669712116,1.84598141978122
0.0249447472998134,-0.00177066356412604,0.32637346354864,"Plasmablasts","grid_221",211.3935622425,125.17821657,0.0250075122175092,332.565411059843,8.29576013954636,-0.588861456052265
0.0764268410463884,0.34744340513823,0.676408310212164,"Cancer Epithelial","grid_222",310.90098699,270.7400963025,0.355749886586599,23.3777546916392,1.78668794183937,8.12244669454937
-0.0224401888912644,-0.0692179884613527,0.500893862951708,"Endothelial","grid_222",310.90098699,270.7400963025,0.0727646342951821,114.294995924286,-2.56480129786727,-7.91126970907759
-0.0212249915132029,-0.286253177385916,0.670093460027429,"Normal Epithelial","grid_222",310.90098699,270.7400963025,0.287038990083696,28.9738811364094,-0.614970381224839,-8.29386553649904
0.00449102629583218,0.0247723096061952,0.361001396894313,"PVL","grid_222",310.90098699,270.7400963025,0.0251761124960755,330.338275279649,1.48355788080076,8.18324203000402
0.0122444434305731,0.0795608690981775,0.447099976729107,"CAFs","grid_224",542.6460341775,297.16831386,0.0804975669606345,103.315340999897,1.26503884838361,8.21985832112638
-0.0259678015716944,-0.279050811182024,0.533791200527144,"Cancer Epithelial","grid_224",542.6460341775,297.16831386,0.280256457445342,29.6750828009806,-0.770596661799463,-8.28085592750736
0.00317936822803205,0.0376491148881479,0.375134382678611,"Endothelial","grid_224",542.6460341775,297.16831386,0.037783121022361,220.115050190745,0.699826797088135,8.28713681324181
0.00565704356533701,0.0826587853564046,0.417194788711288,"Myeloid","grid_224",542.6460341775,297.16831386,0.0828521390097823,100.379225927022,0.567849654123972,8.29722489014379
0.00825303271311678,0.0459645496225872,0.415995265355661,"T-cells","grid_224",542.6460341775,297.16831386,0.0466995971178666,178.087908536114,1.4697653349591,8.18573050909098
0.0878219946322761,0.0439818552623866,0.389109593198597,"CAFs","grid_225",306.2995018875,379.9529664975,0.0982196840430321,84.6737969199362,7.43622173859707,3.72411068064935
-0.242843498568499,-0.121434917601415,0.505981022700738,"Cancer Epithelial","grid_225",306.2995018875,379.9529664975,0.271513174652449,30.6306815160838,-7.43846186290326,-3.71963428598082
0.0965180712236348,0.0773491375736178,0.540617476681348,"Myeloid","grid_225",306.2995018875,379.9529664975,0.123687619251537,67.2390141432582,6.48977995608598,5.20087975528131
0.0352729081625017,0.0334425115213191,0.504023611235043,"T-cells","grid_225",306.2995018875,379.9529664975,0.0486063743463123,171.101706145482,6.03525476731693,5.72207077908763
-0.024365680082394,-0.0507811615563699,0.427621369241707,"T-cells","grid_227",253.3737598425,433.7153421975,0.0563241754035664,147.656552814325,-3.59775232794295,-7.4981712633209
0.0489232286099808,-0.0717442012900837,0.382405215150407,"Plasmablasts","grid_229",298.3935613725,341.1509866875,0.0868372772280228,95.772620304085,4.68550579771364,-6.87113014917503
0.00551368873422533,-0.0340926843233688,0.350504708065315,"B-cells","grid_230",485.1064307925,328.59405612,0.034535661103138,240.81292538061,1.32776751372691,-8.20995904598809
0.0499978936077846,-0.0904758933198625,0.329205328691303,"CAFs","grid_230",485.1064307925,328.59405612,0.103371546555338,80.4537985290548,4.02252045919782,-7.27912929289247
-0.0740262136220571,0.335502728770869,0.580890181340649,"Cancer Epithelial","grid_230",485.1064307925,328.59405612,0.343572352374165,24.2063528183514,-1.79190464474217,8.12129742414731
-0.00886690361606841,-0.109488288906846,0.402484155438923,"Myeloid","grid_230",485.1064307925,328.59405612,0.109846745001778,75.7112427870791,-0.671324292445785,-8.2894944237681
0.00162088400108721,-0.0427259159351149,0.306307105719457,"T-cells","grid_230",485.1064307925,328.59405612,0.0427566504469128,194.510877097963,0.315279568725527,-8.31065538335302
0.0868511518790816,0.0878574324512062,0.419271658569206,"CAFs","grid_234",523.93068783,126.76237497,0.12353967386893,67.3195364674799,5.84677928616647,5.91452162783813
-0.203899688137282,-0.21608496490607,0.46991548196768,"Cancer Epithelial","grid_234",523.93068783,126.76237497,0.297098964792775,27.9928056497969,-5.70772434208114,-6.0488244264588
0.0413575670338311,0.0618229298605316,0.396129229205208,"Myeloid","grid_234",523.93068783,126.76237497,0.0743809317466381,111.811365963104,4.62424606296328,6.91250623554719
0.0265540962898771,0.0234800483877675,0.408875502374023,"Plasmablasts","grid_234",523.93068783,126.76237497,0.0354461944651886,234.62698057383,6.23030743436059,5.50905285694931
0.0206204690399437,0.0174737844926669,0.349872008050326,"T-cells","grid_234",523.93068783,126.76237497,0.0270284459028528,307.699288745351,6.3449036571862,5.37667106008314
0.00234629300277348,-0.0324060825543714,0.35742752026458,"CAFs","grid_235",324.143561115,521.5816779525,0.0324909106886157,255.968004710746,0.600575938386712,-8.29492029193417
0.0056999939086981,-0.185918344666724,0.390563076430084,"Cancer Epithelial","grid_235",324.143561115,521.5816779525,0.186005701026001,44.7117133202141,0.254856493572676,-8.31272772770732
-0.00884070088406511,0.184753823748465,0.344107099226306,"Endothelial","grid_235",324.143561115,521.5816779525,0.184965222087289,44.9632286888785,-0.39750645562019,8.30712842834698
0.000794413972593543,0.0335706034726308,0.462818070623289,"Plasmablasts","grid_235",324.143561115,521.5816779525,0.033580001653908,247.666264758272,0.196749541264023,8.31430596774756
0.0113720523189773,-0.0812166893892778,0.376391013083716,"Myeloid","grid_238",541.5420737925,181.46534472,0.0820089885884467,101.411244344643,1.15325397641987,-8.23628553251901
-0.0134155441544888,0.022483942192297,0.378786103897543,"PVL","grid_238",541.5420737925,181.46534472,0.0261821405058409,317.645288716737,-4.26138439624475,7.14191830916261
0.0317372259715111,-0.097391145314764,0.339092020047971,"PVL","grid_239",496.2103910775,469.0098963,0.102431863685517,81.1918604325457,2.57680442159509,-7.90736827776209
0.241397266412428,-0.169024272797185,0.41401100141964,"Cancer Epithelial","grid_241",317.1509869275,236.707918425,0.294689404332782,28.2216919167149,6.81263928222869,-4.77015095332892
-0.059484693810411,0.0147113527284303,0.315543009795576,"Endothelial","grid_241",317.1509869275,236.707918425,0.0612768528632031,135.722270181962,-8.0733976850279,1.99665818975017
-0.194964304325494,0.14443921330757,0.451694204535836,"Normal Epithelial","grid_241",317.1509869275,236.707918425,0.242639168936167,34.2757256244474,-6.68254300162191,4.95075884474131
-0.0125597360781766,0.01099157947937,0.474577466455134,"Plasmablasts","grid_241",317.1509869275,236.707918425,0.0166901704546346,498.295305180099,-6.25845752205649,5.47705245108396
-0.0988570676749804,0.063752009252585,0.401944620289125,"Cancer Epithelial","grid_242",502.381183095,183.618810045,0.117630941988226,70.7010709905941,-6.98930055961075,4.50733533196002
0.0721037446073577,0.0462186322319036,0.39975320869114,"Myeloid","grid_243",172.361384415,434.4826689225,0.0856452681225941,97.1055816918622,7.00167606225894,4.48808716788125
-0.0194146148825027,0.0394671748075072,0.302451145111427,"T-cells","grid_245",362.26732311,125.351483895,0.0439839193151568,189.08350391899,-3.67098340922137,7.46259170238676
0.0470175089204463,-0.00296416413779091,0.302381643469037,"Plasmablasts","grid_247",289.2797000775,141.4282164075,0.0471108524028171,176.533285984498,8.30015534853186,-0.523273635441637
-0.154328128581979,-0.112638722191287,0.429596269747191,"CAFs","grid_248",219.34653246,487.57425255,0.191061908837167,43.5284753031955,-6.71766813356904,-4.90299183708695
-0.10976091184476,-0.0810649315289077,0.506044552067068,"Myeloid","grid_248",219.34653246,487.57425255,0.136451386554991,60.9494252141462,-6.68986448791869,-4.94086098171105
0.0274068328769905,0.0253803899333362,0.364080704761892,"Endothelial","grid_249",260.3589082875,386.7697981125,0.0373536970260707,222.645527546992,6.10200876428979,5.65083030605599
0.00427863807449607,-0.0190419062600425,0.331376125874577,"B-cells","grid_250",155.391087555,186.559404075,0.0195166835755662,426.129447044578,1.82325367678889,-8.1143169852666
0.0565539401458046,-0.0523946271037055,0.323661787780139,"Myeloid","grid_250",155.391087555,186.559404075,0.0770943908163986,107.875988021051,6.10081216971203,-5.65212216580674
0.0222770041466515,-0.0468398923997845,0.377659813626982,"T-cells","grid_250",155.391087555,186.559404075,0.0518675277391676,160.343743816417,3.57197824588795,-7.5104837073396
0.249197158622077,0.186852941011575,0.614061584936282,"Endothelial","grid_253",227.9232650475,526.3787076075,0.31146949357841,26.7012781401217,6.6538826440961,4.98921234924982
0.0252499179985246,0.018050683953082,0.572652554974972,"Plasmablasts","grid_253",227.9232650475,526.3787076075,0.0310384527659847,267.946139032879,6.76561803860147,4.83661107213106
-0.0854917530705866,-0.0344962687334469,0.407338689964668,"CAFs","grid_254",510.0371236125,271.75247253,0.0921891121532925,90.2127527421141,-7.7124463812467,-3.11200336177597
0.243071332180207,0.105247957080655,0.478208208139995,"Cancer Epithelial","grid_254",510.0371236125,271.75247253,0.26487884966058,31.397877145937,7.63192382549339,3.30456242627926
-0.0514095580989691,-0.0229290754792579,0.414423653962649,"Endothelial","grid_254",510.0371236125,271.75247253,0.0562910753695893,147.743377180053,-7.59542173287582,-3.38761904692189
-0.0588427247628825,-0.0255323520859887,0.403821276505322,"Myeloid","grid_254",510.0371236125,271.75247253,0.0641433337188148,129.657021205939,-7.6293724123963,-3.31044871585054
-0.017553859431709,-0.00782747573692556,0.351596582295235,"Plasmablasts","grid_254",510.0371236125,271.75247253,0.0192199728761608,432.707872887553,-7.5956931756619,-3.38701037620399
-0.0215760340021005,-0.00889190431400863,0.316504702301131,"T-cells","grid_254",510.0371236125,271.75247253,0.0233364780031024,356.379123666149,-7.68924808985961,-3.16888906714965
0.203542229884397,0.151017263866982,0.410320823865206,"Cancer Epithelial","grid_255",198.92079009,322.44554133,0.253447535660109,32.814024245843,6.67903966647956,4.95548415807203
-0.0288709562582816,-0.0424291416361394,0.416222522123918,"Endothelial","grid_255",198.92079009,322.44554133,0.0513202121512293,162.053764619926,-4.67864714983175,-6.87580213172845
-0.0605186860267975,-0.0336613922610061,0.365622058489361,"T-cells","grid_255",198.92079009,322.44554133,0.0692502757204577,120.095313609605,-7.26801057762948,-4.04257546012147
-0.0125126630257483,-0.120038160333211,0.575627543056315,"CAFs","grid_257",424.331678925,332.9826699375,0.120688552365904,68.9098793312692,-0.862246099217146,-8.27181514370909
0.0279898423557492,0.369546663967119,0.630498726507895,"Cancer Epithelial","grid_257",424.331678925,332.9826699375,0.370605137746802,22.4406861458082,0.628111267576017,8.29288070231656
-0.0125382802005506,-0.044531623815639,0.367845759470274,"Endothelial","grid_257",424.331678925,332.9826699375,0.0462630953357544,179.768204436863,-2.25398411837926,-8.00537005399528
-0.0168736193157666,-0.127911139261302,0.558600444895589,"Myeloid","grid_257",424.331678925,332.9826699375,0.129019295362894,64.4603859973635,-1.08768001426688,-8.24520141014606
-0.00241021455157416,-0.0538450547026007,0.613552784201918,"T-cells","grid_257",424.331678925,332.9826699375,0.0538989707704209,154.300415412831,-0.371897106541944,-8.30831430853792
0.000273321385587585,0.0682520533493228,0.341483192560707,"CAFs","grid_258",290.806927785,106.19801874,0.0682526006169628,121.850794036016,0.0333044278608714,8.31656689520352
-0.0092980008894581,0.0406513273961459,0.338902722699821,"Endothelial","grid_258",290.806927785,106.19801874,0.0417011179659372,199.434307420566,-1.85434036778488,8.10726932497704
0.00985631570363819,-0.174046984229172,0.54112154473683,"PVL","grid_258",290.806927785,106.19801874,0.17432584340401,47.7074048104602,0.470219243213163,-8.30332993266089
0.0414383505773154,-0.00210771492335678,0.333745837628928,"CAFs","grid_259",494.58415347,523.0321729875,0.0414919192225021,200.439838311689,8.30589628962021,-0.422470038444767
0.0795602161554327,0.049655930615325,0.416670827441856,"CAFs","grid_261",347.78217474,386.62375851,0.0937845373181163,88.6780893527261,7.05524795715367,4.40339305199856
-0.0228612543974322,-0.0385342776506711,0.309797543689253,"Endothelial","grid_261",347.78217474,386.62375851,0.0448054405924451,185.616600801875,-4.24342833131828,-7.15260163187323
0.0186112144289227,0.0600094672629103,0.373655458930583,"Myeloid","grid_261",347.78217474,386.62375851,0.0628292405150472,132.368838331067,2.46354483388689,7.94338347045763
-0.0543547025006164,-0.0308215642580142,0.364663132010512,"T-cells","grid_261",347.78217474,386.62375851,0.0624852183099444,133.097615806464,-7.23448131070168,-4.10227671816741
-0.0665121506882007,-0.0279596448712801,0.509450703288742,"B-cells","grid_262",329.955442245,107.5717811025,0.0721498990331796,115.268817997589,-7.66677699230642,-3.2228752159448
0.30526874056303,0.0258315042840134,0.511248017794516,"Cancer Epithelial","grid_262",329.955442245,107.5717811025,0.306359707824827,27.1466298203788,8.28701749579784,0.70123828450164
-0.160373486879232,-0.0306300265107972,0.594558701762883,"PVL","grid_262",329.955442245,107.5717811025,0.163272330227308,50.937189226255,-8.16897464804175,-1.56020745638568
-0.0443831993080695,0.015187168840812,0.327689990127943,"T-cells","grid_262",329.955442245,107.5717811025,0.0469096842690201,177.290333750817,-7.86871221825665,2.69253823251757
0.152029957397131,0.0835821400570942,0.32561528520251,"Cancer Epithelial","grid_263",215.3985126975,467.5866289875,0.173490870315119,47.9370099711538,7.28786158366038,4.0066778813273
-0.0219447228617523,-0.0349373231488401,0.486357014966628,"Endothelial","grid_263",215.3985126975,467.5866289875,0.0412575739747939,201.578347415216,-4.42358096895694,-7.04260786345457
-0.0979781602901871,-0.0198644075605985,0.357064674574433,"Myeloid","grid_263",215.3985126975,467.5866289875,0.099971568866269,83.1899876586421,-8.15080194535712,-1.65251981981242
-0.0198533931638231,-0.0410550214088664,0.551152586812266,"T-cells","grid_263",215.3985126975,467.5866289875,0.0456034209572025,182.368633879571,-3.62063618916043,-7.48714816823149
0.225817076535567,0.0554216688478205,0.323575986205952,"Cancer Epithelial","grid_264",379.757421945,403.816827645,0.232518630292172,35.7676009434157,8.07693507973292,1.98230013496698
-0.116347120026202,0.00665476551893208,0.357784904183649,"Myeloid","grid_264",379.757421945,403.816827645,0.116537282628794,71.3645744314369,-8.30306270699324,0.474914509199588
-0.0240284234193278,-0.0589167795024719,0.333455537712603,"CAFs","grid_265",373.8044517075,180.0321764175,0.0636282330334686,130.706656207558,-3.14067487907973,-7.70081524328612
0.0671915673701577,0.209550110535857,0.414357329204757,"Cancer Epithelial","grid_265",373.8044517075,180.0321764175,0.220058981982669,37.792747677325,2.53935395166435,7.91947445323722
-0.0159931624381195,-0.0570274776671409,0.393621485867382,"Myeloid","grid_265",373.8044517075,180.0321764175,0.0592276494033684,140.418092968029,-2.24572937008864,-8.00768966079677
0.00148468844427454,-0.0188633594194118,0.30955696355411,"Plasmablasts","grid_265",373.8044517075,180.0321764175,0.018921697290742,439.528941426897,0.652563540260735,-8.29099239736913
-0.0143915552962543,-0.0537932500496305,0.340760090164315,"T-cells","grid_265",373.8044517075,180.0321764175,0.0556851022693433,149.351141351474,-2.14939520931844,-8.03408329191758
0.0776688136647674,-0.141030856211407,0.326574960983003,"CAFs","grid_266",197.40593862,488.0470248225,0.161003562133932,51.6549663247932,4.0119799543402,-7.28494412835697
-0.111804863295168,0.247518596488573,0.372089962915569,"Cancer Epithelial","grid_266",197.40593862,488.0470248225,0.271598569701912,30.6210507269157,-3.42358239047722,7.57927949893158
0.0788748230833776,-0.116983590726712,0.533184425338061,"Myeloid","grid_266",197.40593862,488.0470248225,0.141090035848564,58.9455770578052,4.64932196198199,-6.89566526168014
-0.0122713276810725,-0.0248241949680616,0.326672549557642,"T-cells","grid_266",197.40593862,488.0470248225,0.0276916257895521,300.330274697624,-3.68545121336105,-7.45545729390531
-0.111723864610467,-0.155487304424375,0.417399843664581,"Cancer Epithelial","grid_267",289.2648485925,410.40593649,0.191464157900784,43.4370258714932,-4.85295239754805,-6.75390606497032
0.0733400554446861,0.091360456876847,0.628590936379045,"Myeloid","grid_267",289.2648485925,410.40593649,0.117155865467231,70.9877695583771,5.20624695530597,6.48547505952166
0.0199868560534046,0.0200795415680543,0.461297899933946,"Plasmablasts","grid_269",288.678214935,526.6856382975,0.0283312972608516,293.54933886815,5.86712838052979,5.89433615207787
0.0561395500735856,0.0534200186716712,0.360423479729633,"Myeloid","grid_270",147.1064341725,222.925740345,0.0774941770544492,107.31946445933,6.02486644888495,5.73300779525117
0.0214176447369616,-0.0234943236822359,0.479466825110711,"PVL","grid_271",286.84158129,356.3638578225,0.0317914886622877,261.599375497804,5.602842487823,-6.14610040301618
0.0580775269444683,0.037383293734084,0.389199070737196,"CAFs","grid_272",346.490095545,308.5074226575,0.0690688771183827,120.410725165626,6.99315713520964,4.50134950760067
0.05451762445625,0.0245254945927565,0.375065316048248,"Myeloid","grid_272",346.490095545,308.5074226575,0.0597801912122405,139.120223799102,7.58450411534889,3.41199229652795
0.0533068290739078,0.0191807010435088,0.336673604844732,"Plasmablasts","grid_272",346.490095545,308.5074226575,0.0566526020447012,146.800557786169,7.82547224186164,2.81573761191685
0.119076476117289,0.285179521245135,0.44530966933351,"Cancer Epithelial","grid_273",508.3985097675,328.1212838475,0.309041366975548,26.9110690959959,3.20447527650008,7.67448580099084
-0.0429829790444541,-0.0999951554848685,0.384399606044797,"Myeloid","grid_273",508.3985097675,328.1212838475,0.108841938644895,76.4101933844974,-3.28433774102854,-7.64064916811169
-0.0253244750670823,-0.0429496662325553,0.397413780853403,"T-cells","grid_273",508.3985097675,328.1212838475,0.0498598321989874,166.800272151115,-4.22412933327345,-7.16401601638976
-0.0705764339669806,0.249663696112044,0.307576263766455,"Cancer Epithelial","grid_274",409.2004909575,321.7450462875,0.259447478669234,32.0551721021069,-2.26233973716455,8.00301274651968
-0.0135463623322035,-0.0288256740012099,0.333104752239917,"PVL","grid_274",409.2004909575,321.7450462875,0.0318500143494374,261.118676084581,-3.53720819794701,-7.52692183244165
-0.00694689184105513,-0.0347781821309377,0.492595664217377,"PVL","grid_276",474.08910417,238.094057025,0.0354652119489506,234.501166725611,-1.62905424184406,-8.15552428630068
0.0351747038046501,0.0990775628625871,0.389806722407053,"CAFs","grid_279",315.9084126825,414.6534612,0.105136212840937,79.1034159921895,2.78243922746128,7.83737367061153
-0.0131859788104876,-0.0576138989323349,0.395705760684792,"T-cells","grid_279",315.9084126825,414.6534612,0.0591035649295026,140.712892532285,-1.85543721929312,-8.10701836883154
-0.0775038964079135,0.202115209471039,0.305668768148473,"Cancer Epithelial","grid_280",217.252473075,301.3935613425,0.216465729061047,38.4200936391856,-2.97770695739377,7.76528527378093
0.0157030889323835,-0.0611992564265862,0.50093114245451,"Endothelial","grid_280",217.252473075,301.3935613425,0.0631817694369618,131.63027332588,2.06700188823023,-8.05567485077215
-0.0189417072164871,0.0408509081178879,0.400157369458076,"Myeloid","grid_280",217.252473075,301.3935613425,0.0450287126879199,184.69623233158,-3.49846195681307,7.54500881669743
0.113774772717378,-0.173548399867057,0.503972391106849,"Normal Epithelial","grid_280",217.252473075,301.3935613425,0.207518061872471,40.0766733515029,4.55971440183582,-6.95524253214805
0.255159082251018,0.213374406227362,0.407824367773743,"Cancer Epithelial","grid_281",388.8886099725,333.38613528,0.332618091041454,25.003551533111,6.37988326220463,5.33511796195281
-0.0939796276905084,-0.0723906143354581,0.373383256365922,"Myeloid","grid_281",388.8886099725,333.38613528,0.118627869679564,70.1069116613556,-6.58862145646556,-5.07508240432723
-0.0242157809512289,-0.0297178455744131,0.357834751805783,"T-cells","grid_281",388.8886099725,333.38613528,0.0383347674137012,216.947542434484,-5.25355416550089,-6.44721356381643
0.113917480162429,0.0584273736305431,0.399948357579666,"CAFs","grid_283",150.8886123525,476.0717774175,0.128027146636643,64.9599229435587,7.40007073327574,3.79543768883459
-0.283781376387971,-0.148368324665841,0.469507391636538,"Cancer Epithelial","grid_283",150.8886123525,476.0717774175,0.320226528177788,25.9710949855555,-7.37011308130367,-3.8532878527443
0.0586639887732528,0.0333749885013332,0.31564289212004,"Myeloid","grid_283",150.8886123525,476.0717774175,0.0674933584603141,123.221510529664,7.22866531033547,4.11251649704446
0.228704729122711,0.145608668275228,0.361570483886759,"Cancer Epithelial","grid_284",423.9876195225,401.103956385,0.271123103773872,30.6747505632586,7.01546051847677,4.46650957919088
0.0190815882891763,-0.0227312485008784,0.367257967742305,"B-cells","grid_286",130.480196715,173.5123745025,0.0296785557270956,280.223662386886,5.3471125545517,-6.36983370554255
0.0666179897525673,-0.0269271453360625,0.310772225428476,"Myeloid","grid_286",130.480196715,173.5123745025,0.0718542115301712,115.743161090953,7.71057671948683,-3.11663292035138
-0.00755664838568439,-0.0132669829899919,0.375059594678641,"PVL","grid_286",130.480196715,173.5123745025,0.0152681293052424,544.705472028222,-4.11614772587552,-7.22659823195396
0.028319950310823,-0.058214352963472,0.49810952022711,"T-cells","grid_286",130.480196715,173.5123745025,0.0647373962757476,128.467223871276,3.63818539660392,-7.47863631467986
0.061005605197397,0.285017103405685,0.46978360913312,"Cancer Epithelial","grid_287",319.49504631,439.925738175,0.29147286854743,28.5331311337702,1.74068093299234,8.13243038684176
-0.000415696586893037,-0.117153781006188,0.521033124569847,"Myeloid","grid_287",319.49504631,439.925738175,0.117154518511657,70.9885857229868,-0.0295097127934094,-8.31658122572978
0.346347999984841,-0.0309061390447101,0.595497038201953,"Cancer Epithelial","grid_288",332.9232639975,254.995046955,0.347724210437166,23.9173268083466,8.28371830505468,-0.739192227916535
-0.0652091695622461,0.00347268663635848,0.516400948747185,"Endothelial","grid_288",332.9232639975,254.995046955,0.0653015723200606,127.357325171865,-8.30486541212624,0.442272081166697
-0.248765605139317,0.043884082841593,0.562865613754445,"Normal Epithelial","grid_288",332.9232639975,254.995046955,0.25260668840547,32.9232516870282,-8.1901726290776,1.44480670444816
-0.018589089067775,0.00645839144331721,0.34389944577523,"Plasmablasts","grid_288",332.9232639975,254.995046955,0.0196790511052943,422.613546542524,-7.85600085792725,2.72940371282017
0.0277240018635284,0.000133403526991739,0.339702956823296,"B-cells","grid_290",151.064354925,440.83167876,0.0277243228200426,299.976076392664,8.31653730092415,0.0400178666039247
0.141988243114869,-0.0366411335253786,0.679179757775557,"CAFs","grid_290",151.064354925,440.83167876,0.146639809904649,56.7147051377643,8.05282134128898,-2.0780910838053
-0.392504716147114,0.111381826749026,0.743339024205154,"Cancer Epithelial","grid_290",151.064354925,440.83167876,0.408002283728506,20.3837917381219,-8.00073439017343,2.27038395986372
0.0720825640789968,-0.0817526376249843,0.68963100274125,"Endothelial","grid_290",151.064354925,440.83167876,0.108992613524241,76.3045614861805,5.50022844284736,-6.23809916431305
0.0794131127519815,0.0240767819558287,0.525129172803807,"Myeloid","grid_290",151.064354925,440.83167876,0.0829827325791784,100.221254732298,7.95888180220103,2.4130052975291
0.0377069347513079,-0.022313001124734,0.326633327448892,"PVL","grid_290",151.064354925,440.83167876,0.0438141866012799,189.815998545938,7.15737947192604,-4.23536458904803
0.0353755781077248,0.00423808760139475,0.379614962092464,"T-cells","grid_290",151.064354925,440.83167876,0.0356285407078768,233.426163827174,8.25758549085477,0.989280530757086
0.0933840849821355,0.0287620666864181,0.334542900365986,"CAFs","grid_292",286.7400961425,376.331679405,0.0977130687678198,85.1128071717972,7.94818161799922,2.44802023574348
-0.246550688601587,-0.119174635118572,0.446447595631422,"Cancer Epithelial","grid_292",286.7400961425,376.331679405,0.273842720745981,30.3701101038745,-7.48777155901627,-3.61934679014009
0.0895815364562417,0.0354591105223539,0.433577448569254,"Myeloid","grid_292",286.7400961425,376.331679405,0.0963441757082257,86.3221208657862,7.73286821731852,3.06090562430391
0.0318433965195168,0.0217302309119355,0.384875998842298,"T-cells","grid_292",286.7400961425,376.331679405,0.0385513273102913,215.728851908553,6.86953937202418,4.6878377663396
-0.0290672343277415,-0.0545718092791732,0.42581626442812,"CAFs","grid_293",185.3465328,336.4678184175,0.0618303038927215,134.507402626223,-3.90975819095229,-7.3403123227552
0.119558953074457,0.235206364646682,0.489982844049838,"Cancer Epithelial","grid_293",185.3465328,336.4678184175,0.263849156205905,31.5204099940717,3.76854721936887,7.41380104687855
-0.0207013527157336,-0.0271104583189005,0.33362524696529,"Endothelial","grid_293",185.3465328,336.4678184175,0.034110452276715,243.814814084926,-5.04729646369307,-6.60993135477984
-0.0212388233954818,-0.0627221869256399,0.30502000900294,"Myeloid","grid_293",185.3465328,336.4678184175,0.0662205432774406,125.589932800102,-2.66738240299179,-7.87727524106655
-0.0290132984189748,-0.0706105911374662,0.443658144293596,"T-cells","grid_293",185.3465328,336.4678184175,0.0763388961534741,108.943592313412,-3.16081295462416,-7.69257145388916
0.0214325651740932,0.0247032598613608,0.32930123303338,"B-cells","grid_296",180.93069126,409.2697978875,0.0327048298836681,254.293742232645,5.45016720376521,6.28188439549092
-0.0663696153859519,0.130490779799868,0.565744781560435,"CAFs","grid_296",180.93069126,409.2697978875,0.14639934924465,56.8078589359163,-3.77031574847617,7.41290181130863
0.0896239608933538,-0.346319211415743,0.614154462609808,"Cancer Epithelial","grid_296",180.93069126,409.2697978875,0.35772817971448,23.2484720293433,2.0836201479881,-8.05139249982314
-0.0701556560731748,0.0977569523165143,0.641399790938097,"Endothelial","grid_296",180.93069126,409.2697978875,0.120325549262286,69.1177695110402,-4.8490024663615,6.75674249831458
-0.0336679861479018,0.0487590928506479,0.378688031735987,"PVL","grid_296",180.93069126,409.2697978875,0.0592535435807295,140.356729363689,-4.72552841998149,6.84366679925736
0.13383463145064,0.157227181307964,0.328355981084929,"Endothelial","grid_298",237.8143540575,507.04949988,0.20647541044293,40.2790509647576,5.39073194104989,6.33296164894868
0.018652124062443,0.0169678256753426,0.350592149517797,"Plasmablasts","grid_298",237.8143540575,507.04949988,0.0252152501512395,329.825543285011,6.15194695231468,5.59642232173524
0.0047189842115894,-0.0333010525021065,0.326985447258053,"Plasmablasts","grid_300",263.9529676575,143.05940451,0.0336337465908465,247.270507248912,1.16686561969932,-8.23436814411853
0.00755876820331387,-0.0373216026219558,0.300958514965917,"T-cells","grid_300",263.9529676575,143.05940451,0.0380793513471883,218.402711337521,1.65085546997559,-8.15113920409669
-0.0366521251804259,-0.0689589240632603,0.385969634784937,"Myeloid","grid_302",191.1806911575,250.7549479875,0.0780942474719112,106.494829637629,-3.9032618269465,-7.34376887011108
0.20416196483733,-0.0331577515365892,0.504018433024917,"Cancer Epithelial","grid_305",310.5321751125,143.29702827,0.206836999526684,40.208635781951,8.20907408467169,-1.33322795488314
-0.0527663917397669,0.0398579034255515,0.511466155600028,"Myeloid","grid_305",310.5321751125,143.29702827,0.0661282433058306,125.765227752038,-6.63617727480506,5.01273830203324
-0.0522674346358141,0.0105332733269299,0.428558085888891,"Plasmablasts","grid_305",310.5321751125,143.29702827,0.0533182386279677,155.981026271891,-8.15272809509327,1.64299078353686
-0.0275570939184557,-0.28710767922033,0.415033564701461,"Cancer Epithelial","grid_307",204.8886118125,409.98019392,0.288427136193033,28.8344352406356,-0.794593240011825,-8.27858778356779
0.0192123682035507,0.063138606172251,0.41970613274757,"Endothelial","grid_307",204.8886118125,409.98019392,0.0659969596372698,126.015404738485,2.42105435515523,7.95643701142001
0.176399337173169,0.0692676592689653,0.353953632285848,"Cancer Epithelial","grid_308",343.9826698275,269.7351458175,0.189511832811925,43.8845081956101,7.74119815787613,3.03977716087963
-0.0098342690412227,0.0219904297367402,0.325976121776617,"PVL","grid_308",343.9826698275,269.7351458175,0.0240892475511722,345.242563618194,-3.39520825510276,7.59203233737794
-0.0496380418798185,-0.0278236866461291,0.505414408399817,"B-cells","grid_310",308.98019493,183.2252456925,0.0569042418475512,146.151381868519,-7.25466841398288,-4.06647025200842
-0.06282803328001,-0.0797741925243208,0.486642458595349,"CAFs","grid_310",308.98019493,183.2252456925,0.101544490538588,81.9013767865581,-5.14570242642451,-6.53361619977782
0.216440080945413,0.214358888605737,0.608320405401589,"Cancer Epithelial","grid_310",308.98019493,183.2252456925,0.304624427392066,27.3012694727075,5.90908897458535,5.85226978169532
-0.0463857666275649,-0.0408884513407203,0.447408449017571,"Myeloid","grid_310",308.98019493,183.2252456925,0.0618344952164192,134.498285319416,-6.23880607463406,-5.49942659469325
-0.0272563054724198,-0.0402133251197377,0.535327505141821,"Plasmablasts","grid_310",308.98019493,183.2252456925,0.0485800134334233,171.194550853667,-4.66613097328124,-6.88430213220597
-0.0224035168605675,-0.0220728025605962,0.361323226090114,"T-cells","grid_310",308.98019493,183.2252456925,0.0314503764778864,264.436693978771,-5.92431193210613,-5.8368589359702
-0.0720536095511166,-0.0489401459096481,0.340857939868442,"Plasmablasts","grid_311",318.004947315,334.2054422025,0.0871025862474956,95.480902904179,-6.87974369744579,-4.67284931971546
-0.0055088126173104,0.108240256287182,0.466807718040416,"Myeloid","grid_312",352.9331647875,368.4430656225,0.108380349222392,76.7356226462663,-0.422722166230921,8.30588346158838
-0.0797157735227531,0.298192849998374,0.405732762930152,"Cancer Epithelial","grid_313",441.9480153825,320.14851165,0.308664187003423,26.9439537542066,-2.14785811527787,8.03449436019127
0.0138290016181406,-0.0589661682678839,0.301604496633637,"Endothelial","grid_313",441.9480153825,320.14851165,0.0605660819762261,137.315033577119,1.89892982153301,-8.0969413756185
0.0166163298051003,-0.0571079706717545,0.405736569481742,"T-cells","grid_313",441.9480153825,320.14851165,0.0594762366869142,139.831200551225,2.32348134540227,-7.98547610007556
0.0995753477578106,0.219832698706625,0.458315377296094,"Cancer Epithelial","grid_314",327.0519769275,280.2202942275,0.241333100302728,34.4612221438652,3.43148817913454,7.57570346461437
-0.0191649461961945,-0.0448368438337531,0.363513492343335,"Endothelial","grid_314",327.0519769275,280.2202942275,0.0487610267290937,170.55903327068,-3.26875469590752,-7.64732873919337
-0.0780182492275698,-0.169482000599048,0.42785720313961,"Normal Epithelial","grid_314",327.0519769275,280.2202942275,0.18657705040972,44.5747939627989,-3.47764738465722,-7.55462525710555
-0.00619155525854891,-0.0181277182213431,0.311265257435338,"Plasmablasts","grid_314",327.0519769275,280.2202942275,0.0191559266137684,434.154596010113,-2.6880921719496,-7.8702321809724
0.0507781085289133,0.222197558384897,0.310607594104805,"Cancer Epithelial","grid_315",150.3787113675,509.5420741125,0.227925802089153,36.4883374500398,1.85280875907773,8.10761949092304
-0.105921166752277,-0.234485232033993,0.51232716168075,"Cancer Epithelial","grid_316",223.9183145925,251.5074232275,0.257298693366677,32.3228752986629,-3.42367666442275,-7.57923691441278
0.0826046342172875,0.187660628231975,0.498431145678037,"Normal Epithelial","grid_316",223.9183145925,251.5074232275,0.205036672287158,40.5616882454685,3.35058342075257,7.61183189829414
0.00756771426212226,0.0175721615575412,0.417032090278271,"Plasmablasts","grid_316",223.9183145925,251.5074232275,0.0191324635360284,434.687021069655,3.28958716890827,7.6383905612023
0.108445288582458,-0.136872840890807,0.329118580238557,"Cancer Epithelial","grid_317",495.9925692975,312.19801668,0.174626902822139,47.6251565239673,5.16472384302636,-6.51859047130476
0.0342985433624936,-0.0702345385880749,0.39385130122542,"B-cells","grid_318",270.222769575,105.50494944,0.0781618864119121,106.402672222769,3.64945666711785,-7.47314258810438
-0.0114525462724337,-0.185929490984101,0.532933075261031,"PVL","grid_318",270.222769575,105.50494944,0.186281873604839,44.6454258767127,-0.511303805705559,-8.30090130802561
0.113220925624767,0.26346583318124,0.437337171004197,"Cancer Epithelial","grid_319",302.2549474725,445.1212826775,0.286763357584636,29.0017303823254,3.28360275860683,7.64096505887705
-0.0436069068770557,-0.116519849467587,0.517359086662275,"Myeloid","grid_319",302.2549474725,445.1212826775,0.124412369350212,66.8473209186242,-2.91500489827911,-7.78903977074961
0.00568381765539926,-0.0365572352409309,0.430690500490684,"T-cells","grid_319",302.2549474725,445.1212826775,0.0369964489052745,224.795455409622,1.27769637831073,-8.21790034450175
0.0854898549140151,0.0851489094700543,0.545798791838084,"CAFs","grid_320",435.9678174225,101.0618801775,0.120660068279273,68.9261468089905,5.89248629048271,5.8689862347584
-0.21129005541114,-0.28931812423475,0.566006797908778,"Cancer Epithelial","grid_320",435.9678174225,101.0618801775,0.358257539385226,23.2141201954087,-4.90491274240876,-6.71626571069567
0.0301458154241833,0.118571273277091,0.487407993230078,"Myeloid","grid_320",435.9678174225,101.0618801775,0.122343438868374,67.9777653556693,2.04924516736045,8.06021019275305
0.0203843654935706,0.0231005877639634,0.580578434191,"Plasmablasts","grid_320",435.9678174225,101.0618801775,0.0308084324758019,269.946664333935,5.50269146955314,6.23592661103523
0.0364371865532125,0.0330125049546081,0.406819710557922,"T-cells","grid_320",435.9678174225,101.0618801775,0.0491680185414426,169.147218596782,6.16324875896796,5.58397339198444
-0.0479605547816675,0.0813411397695706,0.300570538610998,"PVL","grid_321",517.272272055,442.09900548,0.094427728099209,88.0740620113433,-4.22408087593901,7.1640445881385
0.0766452356894083,-0.0643250303940795,0.410324037495939,"Myeloid","grid_322",518.0074205625,163.727721135,0.100060989846614,83.115643698396,6.37041810074045,-5.34641630712281
0.00173166654559522,-0.0508075537073219,0.593071862492673,"CAFs","grid_324",450.8589063825,493.4430643725,0.0508370552131763,163.593928588618,0.283290133199404,-8.311807312958
0.0681164130762687,-0.319846592271716,0.541702922572058,"Cancer Epithelial","grid_324",450.8589063825,493.4430643725,0.327019400522669,25.4316213867057,1.73231082757612,-8.13421743648231
-0.0113199774575655,0.321246704257087,0.536156596925757,"Endothelial","grid_324",450.8589063825,493.4430643725,0.321446087059214,25.8725612630275,-0.292876810266955,8.31147503643716
-0.00703726257047572,0.035880758971562,0.554474265623915,"Plasmablasts","grid_324",450.8589063825,493.4430643725,0.0365643532536971,227.451953614388,-1.60063911975211,8.16114872524876
0.0102005418345799,-0.0499086774765897,0.344453061476786,"CAFs","grid_325",302.35643262,491.5173218175,0.05094042737533,163.261951434426,1.66536036560201,-8.14818807833939
-0.0191333427339773,-0.268779285134354,0.418116776277667,"Cancer Epithelial","grid_325",302.35643262,491.5173218175,0.269459438360414,30.8641390734145,-0.590534151080779,-8.29564123643963
0.0132053248054213,0.290786739265622,0.422618569723764,"Endothelial","grid_325",302.35643262,491.5173218175,0.291086427605186,28.5710111894335,0.377289482775795,8.30807118129696
-0.00335148936427314,0.0265294179339068,0.442994465745777,"Plasmablasts","grid_325",302.35643262,491.5173218175,0.0267402785488621,311.015218671083,-1.04236419750322,8.25105271993058
-0.0735233727390924,0.0496146457829495,0.42492606114238,"CAFs","grid_327",316.074254265,315.400986945,0.0886977982539536,93.7636981291054,-6.89382332694195,4.65205266997497
0.219579778533494,-0.131214622577567,0.323409470378088,"Cancer Epithelial","grid_327",316.074254265,315.400986945,0.255797881771902,32.5125193476623,7.13909179792565,-4.26611795524936
-0.0354009977097599,0.0118183789058112,0.329691176840009,"Endothelial","grid_327",316.074254265,315.400986945,0.0373216387476186,222.836774034491,-7.8886441272453,2.63356942968826
-0.0633921414229612,0.0184372736733785,0.392002039706667,"Myeloid","grid_327",316.074254265,315.400986945,0.0660189113413404,125.973503822263,-7.98573016984685,2.32260796556546
-0.0964223415196686,0.0483277382110905,0.448317106268434,"Plasmablasts","grid_327",316.074254265,315.400986945,0.107855636036024,77.1089382609752,-7.4350243792188,3.72650058201155
0.00995196901526086,-0.027466418824396,0.367073560479547,"PVL","grid_327",316.074254265,315.400986945,0.0292137955479572,284.681720543551,2.83314366206057,-7.81918736809883
-0.0176017677828665,0.0127601183193055,0.336904335302531,"T-cells","grid_327",316.074254265,315.400986945,0.0217403507010497,382.543671652842,-6.73344487523847,4.8813025125918
-0.0395411235666448,-0.258243863166654,0.425386493532888,"Cancer Epithelial","grid_328",427.1460353325,509.767321635,0.261253503930857,31.833577177212,-1.25873540873246,-8.22082594865707
0.0211859180255347,0.290795664281912,0.476317707573942,"Endothelial","grid_328",427.1460353325,509.767321635,0.291566392932627,28.5239786950403,0.604306674395224,8.29464933258734
-0.0408361987521786,-0.198858511948924,0.57501216578487,"Cancer Epithelial","grid_330",130.6608897825,138.2747510925,0.203008135066228,40.9669966057608,-1.67293641567267,-8.14663598403823
0.0140020267401728,0.0786465613886085,0.461879341082386,"Myeloid","grid_330",130.6608897825,138.2747510925,0.07988327967156,104.109816402053,1.45774843317603,8.18787906682085
-0.00733433898207982,0.042118973128493,0.438972112659611,"Plasmablasts","grid_330",130.6608897825,138.2747510925,0.0427527826661935,194.52847420798,-1.4267377715081,8.19333957789267
0.00366253270848273,-0.0269460881787637,0.378161822471868,"PVL","grid_330",130.6608897825,138.2747510925,0.0271938561807335,305.827666548161,1.12010383189159,-8.24085927031229
0.00959659255169445,-0.0615071621268435,0.519494548006657,"CAFs","grid_331",379.65346155,490.14850995,0.0622513098777933,133.597728249037,1.28208296383801,-8.21721713119147
-0.0670522718548995,-0.269514426985421,0.46782174700761,"Cancer Epithelial","grid_331",379.65346155,490.14850995,0.277730145130454,29.9450157860737,-2.00788133918707,-8.07061377065305
0.0505908106904964,0.299558104633457,0.498731279800881,"Endothelial","grid_331",379.65346155,490.14850995,0.303800079292141,27.3753502618495,1.38494116268326,8.20050803811665
0.00657736697401663,0.0290196094241454,0.540863358774403,"Plasmablasts","grid_331",379.65346155,490.14850995,0.0297556631154614,279.497504321407,1.83835765424369,8.11090841043061
-0.0313335655196873,0.0646629898794207,0.387708305651945,"Endothelial","grid_332",161.4480181875,390.37623372,0.0718546768716038,115.742411521255,-3.62662243480787,7.48425038481868
-0.0889779946705079,-0.065422755260843,0.564393292207852,"CAFs","grid_333",298.292076225,162.02970135,0.110441026985016,75.3038414006086,-6.70038479881212,-4.92658478615336
0.205713215275866,0.0576646026860274,0.459260992769994,"Cancer Epithelial","grid_333",298.292076225,162.02970135,0.213642536359387,38.9277983772381,8.00796256779229,2.24475602686522
-0.109138623615644,-0.00976636795161927,0.68590619009636,"Myeloid","grid_333",298.292076225,162.02970135,0.109574728417111,75.8991940964857,-8.28353357722705,-0.741259456777649
0.0962422113426685,0.0393912206901499,0.31893110701394,"CAFs","grid_335",417.56435226,136.2054441825,0.103991497304284,79.9741690021553,7.69689087505971,3.15028014067524
-0.282703588100708,-0.061983978167342,0.389554944716012,"Cancer Epithelial","grid_335",417.56435226,136.2054441825,0.289418956315001,28.7356214882769,-8.12366330103968,-1.78114813495436
0.07877749622539,-0.0396485508894507,0.30227981793406,"Myeloid","grid_335",417.56435226,136.2054441825,0.0881924118004191,94.3010108286944,7.42879752460794,-3.73889842676813
0.0552672268698219,-0.00320548238583131,0.386913749616984,"T-cells","grid_335",417.56435226,136.2054441825,0.0553601073265419,150.227916487667,8.30268034270453,-0.481552940161353
0.0976206148584586,-0.014244230701555,0.372809911694048,"CAFs","grid_338",522.6311828925,183.7202951925,0.0986543590198762,84.3007208482741,8.2294882022198,-1.2007989160702
-0.193173684231405,0.0892661078079657,0.399591485594527,"Cancer Epithelial","grid_338",522.6311828925,183.7202951925,0.212801574906574,39.0816354806174,-7.54954351157966,3.48866548612441
0.0435303687719074,-0.0718759605792688,0.491092878381991,"Myeloid","grid_338",522.6311828925,183.7202951925,0.0840300345984152,98.9721546581019,4.30829439041743,-7.11371868665103
0.0428998957697645,0.00262144310292121,0.3640213594865,"T-cells","grid_338",522.6311828925,183.7202951925,0.0429799141576447,193.5004697705,8.30114998455489,0.50725047189189
-0.0425497084257334,-0.0535134985369897,0.307667075693099,"CAFs","grid_339",130.4133650325,320.331679965,0.0683679180082539,121.645266120228,-5.17597060478647,-6.50966377055656
-0.0204908611434554,-0.0302911656817016,0.317654908306431,"Myeloid","grid_339",130.4133650325,320.331679965,0.0365708915499289,227.411288807263,-4.65985314140387,-6.8885530271501
0.00820715628537576,-0.034648454424176,0.339181989703972,"T-cells","grid_341",542.8886084325,249.0123737475,0.0356072016350174,233.566054009174,1.9169131082118,-8.09270277737148
-0.0842096427229565,-0.0785320324978616,0.484601663150775,"CAFs","grid_342",128.153464065,299.7648484875,0.115145751357891,72.227012131352,-6.08221088652779,-5.67213406392277
0.209278335413728,0.171942519094551,0.491704078874512,"Cancer Epithelial","grid_342",128.153464065,299.7648484875,0.270853561073361,30.705276856033,6.42594922884826,5.27954265212193
-0.0573137576583518,-0.0605912845806859,0.463524491190312,"Myeloid","grid_342",128.153464065,299.7648484875,0.0834036604955559,99.7154505064337,-5.71506716511912,-6.04188723872662
-0.0260504262743413,-0.0195076791937267,0.415355870657857,"Plasmablasts","grid_342",128.153464065,299.7648484875,0.0325449574680971,255.54292361121,-6.65700209146344,-4.98504937403449
-0.025229967783116,-0.025456128813629,0.516993802155703,"T-cells","grid_342",128.153464065,299.7648484875,0.0358408393946507,232.043493418887,-5.85444986324021,-5.90692905883564
-0.0153541111813273,0.125286385348317,0.536665639461209,"CAFs","grid_343",227.45544327,420.0767284725,0.126223718388485,65.8880413790654,-1.01165231285406,8.25487454206345
0.073120303445636,-0.30457829453789,0.52033130227533,"Cancer Epithelial","grid_343",227.45544327,420.0767284725,0.313232367867038,26.5510031317398,1.94141740577884,-8.08685925213548
-0.0193628621411609,0.096754743021931,0.421776276126738,"Myeloid","grid_343",227.45544327,420.0767284725,0.0986732016686269,84.2846227705234,-1.6319915313254,8.15493701686239
0.00411783323201857,-0.0352856208543857,0.377854036175755,"CAFs","grid_345",366.7450458375,507.7004899725,0.0355250839493192,234.105951503582,0.964009266914778,-8.2605738445106
-0.000358408334920871,0.0337079811871944,0.481427552040938,"PVL","grid_347",369.618808185,273.3886111275,0.0337098865653801,246.712001361083,-0.0884236376128214,8.31616350053446
-0.0232356964274958,-0.0900183536639172,0.39222709536543,"CAFs","grid_348",435.6113817825,171.5321765025,0.0929688204982338,89.4561589103736,-2.07857615201126,-8.05269615020959
0.0610912873137396,0.227167650739734,0.560248969029272,"Cancer Epithelial","grid_348",435.6113817825,171.5321765025,0.235238787040444,35.3540063899842,2.15982176206231,8.03128657585024
-0.00804308581233406,-0.029037637993708,0.334819970525872,"Myeloid","grid_348",435.6113817825,171.5321765025,0.0301309749201416,276.016079872695,-2.22002101600014,-8.01485500778573
-0.00577367026818632,-0.0297442340465821,0.370742611313407,"Plasmablasts","grid_348",435.6113817825,171.5321765025,0.030299417938033,274.481628564905,-1.58476641800855,-8.16424580152157
0.00217913703693009,-0.0255706480344409,0.334499264159801,"T-cells","grid_348",435.6113817825,171.5321765025,0.0256633333596198,324.066771204627,0.706185903570353,-8.28659734613121
-0.00257022876859848,-0.232125334977465,0.32753700040704,"Cancer Epithelial","grid_349",377.2400952375,301.024749465,0.232139564086614,35.8260067081756,-0.0920810331053551,-8.31612380804017
-0.0343803648120278,0.0426394284466035,0.335141684013032,"Plasmablasts","grid_349",377.2400952375,301.024749465,0.0547734455996803,151.836962037833,-5.22021014681073,6.47424127836186
0.173973100636428,0.100529353535203,0.347840314981749,"Normal Epithelial","grid_350",289.4628683925,238.9183144425,0.200929815277023,41.3907391928561,7.20087523501488,4.16098425340202
-0.0314696856568469,0.28418203867027,0.394607114887938,"Cancer Epithelial","grid_352",519.103955205,346.97029356,0.285919170777567,29.0873590517999,-0.915370045947983,8.26610499487464
-0.0132808176937868,-0.0571404546628454,0.315234530713898,"Myeloid","grid_352",519.103955205,346.97029356,0.0586635464125064,141.76833977475,-1.88279947529927,-8.10070739152594
-0.0143762023802395,-0.0176115570505119,0.304173813942089,"T-cells","grid_352",519.103955205,346.97029356,0.0227341623250349,365.820981714453,-5.25911646806486,-6.44267708973834
-0.0742128541739622,0.0470354044667362,0.396364132742362,"B-cells","grid_355",127.9331670375,343.2252440925,0.0878628305826488,94.6547422277375,-7.02459858182107,4.45212408537629
-0.0327232882014554,0.02992747909252,0.346528151724882,"CAFs","grid_355",127.9331670375,343.2252440925,0.0443448711301401,187.544430015208,-6.13707043396535,5.61273200819873
0.154368002978134,-0.142244032897898,0.466282997799281,"Cancer Epithelial","grid_355",127.9331670375,343.2252440925,0.209911517641399,39.6197105982896,6.11601560362957,-5.63566741774831
-0.00290779754893294,0.0333759020017089,0.313464623280441,"Myeloid","grid_355",127.9331670375,343.2252440925,0.0335023300833428,248.240452515122,-0.721832979369477,8.28524901600458
-0.0184045304505726,0.0199398720421413,0.41776597737861,"T-cells","grid_355",127.9331670375,343.2252440925,0.027135313489308,306.487470044411,-5.64075797515133,6.11132093520516
-0.0187471715287817,-0.062817840420825,0.501894912580392,"Endothelial","grid_356",255.400987545,299.826729675,0.0655556062855482,126.86380389763,-2.37833749246258,-7.96931018842014
-0.0126975711215537,0.0580079368542257,0.370155677912426,"Myeloid","grid_356",255.400987545,299.826729675,0.0593813863973447,140.054553872321,-1.77835265869127,8.12427571717233
-0.0672460422136418,-0.263463341204962,0.600271947983266,"Normal Epithelial","grid_356",255.400987545,299.826729675,0.271909842323298,30.5859968478508,-2.05678723517689,-8.05828892361919
0.122871707143783,-0.121762813625852,0.410370409468327,"Cancer Epithelial","grid_357",177.1955427825,146.7326718,0.172984505660223,48.0773324088089,5.90734390798946,-5.85403126572194
-0.0546649074863667,0.0660842470649489,0.354337577073201,"Myeloid","grid_357",177.1955427825,146.7326718,0.0857635110092529,96.971701395279,-5.30094908556851,6.40830187331407
-0.259268450720389,0.0100625727896211,0.364279197647618,"Cancer Epithelial","grid_358",215.3292057675,281.4133635225,0.259463648533079,32.0531744127529,-8.31037687066486,0.322537400666747
0.210810771392088,-0.037275909739604,0.39061024623353,"Normal Epithelial","grid_358",215.3292057675,281.4133635225,0.214081000515792,38.8480694697918,8.18959149202023,-1.44809713111383
0.0275187793622837,-0.000310035437819358,0.334094086977563,"Plasmablasts","grid_358",215.3292057675,281.4133635225,0.0275205257864517,302.197481426545,8.31610581521492,-0.0936919284619861
0.0603165881426184,-0.0322085524680141,0.429695284058422,"Endothelial","grid_359",127.58415714,412.52474835,0.0683774937918251,121.628230562529,7.3361998893555,-3.91746924566493
0.0459780466876448,-0.00304038716480276,0.316669104125987,"PVL","grid_359",127.58415714,412.52474835,0.0460784627708341,180.488520668795,8.29850962989381,-0.548754981635642
-0.122500111781162,-0.113341713871364,0.300093948313276,"Cancer Epithelial","grid_364",500.21781678,144.2598995475,0.166891046763136,49.8327126679454,-6.10451287218184,-5.64812506064416
-0.0145264252974265,0.0264719625802372,0.338426902668564,"T-cells","grid_365",150.9727707675,126.6336621,0.0301957254387304,275.424201914775,-4.00092909421829,7.29101916677963
-0.203137043215109,0.0470294652528112,0.359988040525508,"Cancer Epithelial","grid_366",172.9480180725,452.1014806275,0.208510021169589,39.8860137922856,-8.10232690740196,1.87581789971745
0.0657148959930755,0.00938900006861796,0.427185378999291,"Myeloid","grid_366",172.9480180725,452.1014806275,0.0663822331476521,125.284028358937,8.23302689320106,1.17629175085879
-0.159526271997636,-0.121172980118545,0.331211220743422,"Cancer Epithelial","grid_368",211.2153444225,160.4133647325,0.200328536579972,41.5149719664625,-6.62272870989614,-5.03049287271413
0.154744841914141,-0.0063084918684239,0.313405793653672,"Normal Epithelial","grid_368",211.2153444225,160.4133647325,0.154873377856514,53.6995686108502,8.3097312555436,-0.33876329191942
-0.0240430969690842,0.0108112011775197,0.347065603759001,"T-cells","grid_368",211.2153444225,160.4133647325,0.0263619533184775,315.478655156055,-7.58508389759331,3.41070320810547
-0.00262611610188362,0.0331150296298668,0.308871509912356,"B-cells","grid_370",490.0470248025,286.3292050575,0.0332189956676527,250.357767086209,-0.657468563376724,8.29060487512712
-0.0980367825610359,0.0219810181538457,0.301672387119632,"CAFs","grid_370",490.0470248025,286.3292050575,0.100470771341717,82.7766470699606,-8.11515614992934,1.81951498195929
0.287609895077968,-0.118698691501222,0.456397277060898,"Cancer Epithelial","grid_370",490.0470248025,286.3292050575,0.31114117553108,26.7294534900581,7.68765531376704,-3.17275115381267
-0.090574920405395,0.0353630495138865,0.465065317417029,"Myeloid","grid_370",490.0470248025,286.3292050575,0.0972335409072673,85.5325590593442,-7.74710472886984,3.02469212106501
-0.0167542093743505,-0.0105726066540369,0.367622281238827,"Plasmablasts","grid_370",490.0470248025,286.3292050575,0.0198111974201601,419.794594128716,-7.033326524253,-4.43832311921401
-0.0426254325980229,0.0229593439342927,0.504131360941192,"T-cells","grid_370",490.0470248025,286.3292050575,0.048415482834128,171.776322229252,-7.32204004511926,3.9438716618293
-0.000134464067373747,-0.0354148286078954,0.446423037895071,"CAFs","grid_371",258.0618786075,507.14850978,0.0354150838755468,234.833090030952,-0.031576612439507,-8.31657363490862
0.0652175920913814,0.242431979756609,0.32697905183918,"Endothelial","grid_371",258.0618786075,507.14850978,0.251050989097647,33.1272687277293,2.16048069898663,8.03110934159264
0.0658427323055935,0.331488146875108,0.50973703642084,"Cancer Epithelial","grid_372",256.6658390175,450.1757380725,0.337963987602465,24.6080466714772,1.62026102955363,8.15727578934414
-0.0229234519543198,-0.0347739354301525,0.397289435803368,"Endothelial","grid_372",256.6658390175,450.1757380725,0.0416498647633149,199.679725911746,-4.57734860318965,-6.94364989556559
-0.0119165436204781,-0.123725151425036,0.486747175200054,"Myeloid","grid_372",256.6658390175,450.1757380725,0.124297695501593,66.9089925331189,-0.797323928123156,-8.27832523285674
-0.023140814501292,-0.0395025612145839,0.469083341179341,"T-cells","grid_372",256.6658390175,450.1757380725,0.0457815425504117,181.659094842474,-4.20373941622231,-7.17599951420074
0.0127444263349885,-0.0573120741550754,0.451381364353921,"CAFs","grid_374",321.2004918375,503.3589058575,0.0587119599959395,141.651438323217,1.8052663209554,-8.11833773735328
0.0907369977971985,-0.289448252289099,0.493562827596843,"Cancer Epithelial","grid_374",321.2004918375,503.3589058575,0.303337260359592,27.4171183927126,2.48774701120509,-7.93583700157396
-0.0972656564598766,0.309029550800007,0.482178994835603,"Endothelial","grid_374",321.2004918375,503.3589058575,0.323975108911511,25.6705942877592,-2.49686720511406,7.93297222151547
-0.00621576767231037,0.0377307756441671,0.520946829536502,"Plasmablasts","grid_374",321.2004918375,503.3589058575,0.0382393409784558,217.488935933431,-1.3518606970602,8.20602624679291
-0.0131640616639085,-0.0532969441654968,0.485593843760538,"CAFs","grid_375",356.02969941,490.0272228225,0.0548986045075034,151.490801174433,-1.99423424817513,-8.07399677178011
0.00790509316677054,-0.291832961508831,0.543275577833531,"Cancer Epithelial","grid_375",356.02969941,490.0272228225,0.291940007400476,28.4874747187063,0.225196141737394,-8.31358411306801
0.00446446534354464,0.319559885085849,0.578698681127608,"Endothelial","grid_375",356.02969941,490.0272228225,0.319591069347822,26.0227346063563,0.116177596794338,8.31582208042677
0.000794503153593372,0.0255700205884788,0.565204995372077,"Plasmablasts","grid_375",356.02969941,490.0272228225,0.0255823608792523,325.092497109793,0.258287014163274,8.31262184425738
-0.034325900565971,-0.030841680097501,0.30296502010344,"Cancer Epithelial","grid_377",499.92078708,202.9876217325,0.0461462531621096,180.223376987598,-6.18632971813977,-5.55839173914281
-0.0221891082242246,-0.0869982427976504,0.482551862086948,"CAFs","grid_378",351.53464995,178.74257247,0.0897833546581174,92.6300160187664,-2.05537745025207,-8.05864862395089
0.0446660753328184,0.275274321667361,0.528204689531668,"Cancer Epithelial","grid_378",351.53464995,178.74257247,0.278874542500858,29.8221325819814,1.33203762049208,8.20926731717905
-0.00875364902126573,-0.0703558366211721,0.347007251189264,"Myeloid","grid_378",351.53464995,178.74257247,0.070898308286253,117.303695690756,-1.02683538097424,-8.25299964907849
-0.000256037733287146,-0.0625888458215124,0.419078176873717,"T-cells","grid_378",351.53464995,178.74257247,0.0625893695174342,132.876136064662,-0.0340213046859505,-8.31656399350944
0.114978778823876,-0.13408742710223,0.464089246972285,"CAFs","grid_381",335.9727689175,452.3391043875,0.176633965269214,47.0839997705104,5.41366079575695,-6.31337238690975
-0.176619572550689,0.24191027280549,0.497275404690011,"Cancer Epithelial","grid_381",335.9727689175,452.3391043875,0.299524712664606,27.7661015220223,-4.90403698221861,6.71690519393734
0.0567967980036271,-0.0623856922363229,0.404171785107297,"Myeloid","grid_381",335.9727689175,452.3391043875,0.0843673565976202,98.5764389877138,5.59882609310205,-6.14975938444017
0.0152351539175669,-0.122420223252422,0.450964849881163,"CAFs","grid_382",427.6064313675,152.7004935225,0.123364585582998,67.4150814100914,1.02707914164804,-8.25296931680361
-0.0550280197772672,0.323910682511593,0.623151142444791,"Cancer Epithelial","grid_382",427.6064313675,152.7004935225,0.328551690310267,25.3130141328636,-1.39292504232546,8.19915568420145
0.00450352516243369,-0.101993366951636,0.619410016482485,"Myeloid","grid_382",427.6064313675,152.7004935225,0.102092745290837,81.4615529880006,0.366864153652386,-8.30853806635531
0.0313422723641154,-0.0574752110734674,0.519820647874686,"T-cells","grid_382",427.6064313675,152.7004935225,0.0654655476177052,127.038326002649,3.98166981425633,-7.30155460142224
-0.00254813692164106,0.0282695394649188,0.58764354139308,"Myeloid","grid_384",188.1014832675,526.1806878075,0.0283841480994239,293.002754603327,-0.746611137147271,8.28305293458867
-0.0728383721122707,-0.101513745663046,0.591019256898426,"CAFs","grid_385",288.0767297925,179.5965328575,0.124941862522163,66.5640275590155,-4.84841540863501,-6.75716376393386
0.143559113216158,0.200442199770882,0.409702409795774,"Cancer Epithelial","grid_385",288.0767297925,179.5965328575,0.246548766852321,33.7322051388785,4.84256545656292,6.76135740115946
-0.0974232549359642,-0.089605852811738,0.701258371518671,"Myeloid","grid_385",288.0767297925,179.5965328575,0.132365023553946,62.8310512618955,-6.12120552498228,-5.63002993138018
0.0828019969344294,0.25054522606306,0.403509769031214,"Cancer Epithelial","grid_386",259.9925716575,192.96039411,0.263873229031138,31.5175344264219,2.60971478895736,7.89656778781817
0.145480159166934,-0.0852740247225228,0.322220857053816,"Normal Epithelial","grid_388",220.91088888,178.6707902925,0.168630175246347,49.3187744604455,7.17490315842372,-4.20561039262455
0.0118847430650656,0.0152840200413485,0.364954684818452,"B-cells","grid_389",144.5222757825,266.9628686175,0.0193610016875927,429.555955543851,5.1051621637074,6.56534183341284
-0.0667592907541358,-0.0276494448130462,0.397259693201209,"Myeloid","grid_389",144.5222757825,266.9628686175,0.0722585268356955,115.095531896335,-7.68369607836937,-3.18232755739592
-0.190182776767784,-0.0807401354601625,0.509442621814523,"CAFs","grid_391",382.3490060775,424.9727680275,0.206611853612589,40.2524513225375,-7.65532296423023,-3.24998837238527
0.302905989696586,0.155228812744958,0.564369294561789,"Cancer Epithelial","grid_391",382.3490060775,424.9727680275,0.340364544129199,24.4344886200693,7.40135295819207,3.79293665852355
-0.117205050957774,-0.0677286053642547,0.560159635224978,"Myeloid","grid_391",382.3490060775,424.9727680275,0.135366864315464,61.4377353147413,-7.20081289829448,-4.16109212960565
0.157055735030462,-0.0464877779806792,0.614110505110144,"CAFs","grid_392",147.78217674,423.2004908175,0.163791383801284,50.7757696845027,7.97462582953702,-2.36045270789127
-0.342018102476025,0.108116438370948,0.62378405318907,"Cancer Epithelial","grid_392",147.78217674,423.2004908175,0.358699800205297,23.1854982228596,-7.92986010714369,2.50673348971153
0.101807320478458,-0.0519475145885285,0.633972524774354,"Endothelial","grid_392",147.78217674,423.2004908175,0.114294683931182,72.764832922654,7.40799266491807,-3.77995221978141
0.0619124082679471,-0.0382266310878905,0.473018940543942,"PVL","grid_392",147.78217674,423.2004908175,0.0727627763479834,114.297914368004,7.0764591385267,-4.36922420666097
-0.00015330609568112,-0.0913269257569248,0.47572129208662,"B-cells","grid_395",294.7697990325,123.836632425,0.0913270544306003,91.0642923069399,-0.0139607111095413,-8.3166218626228
-0.00444959711212517,0.0935377786105298,0.416015288531036,"CAFs","grid_395",294.7697990325,123.836632425,0.093643552590943,88.8115983438711,-0.395175831514109,8.30723962393631
-0.0218633679983423,0.0399581334220318,0.308328085782295,"Myeloid","grid_395",294.7697990325,123.836632425,0.0455484279290057,182.588817185145,-3.99200650250088,7.29590831845501
0.0560359531522912,-0.185162241204397,0.626319475322222,"PVL","grid_395",294.7697990325,123.836632425,0.193455637326807,42.989874552741,2.40897859646027,-7.96010152128141
-0.0226123068828327,-0.0606119338174867,0.343542238798038,"CAFs","grid_396",393.7351445775,176.01980022,0.0646925261808409,128.556327464347,-2.90695512835374,-7.79204761208812
0.0495680675757364,0.206862516282394,0.408422185564845,"Cancer Epithelial","grid_396",393.7351445775,176.01980022,0.212718344215717,39.0969270227401,1.93795912066681,8.08768870283313
-0.0182030994312468,-0.0444302979639476,0.3362975425662,"Myeloid","grid_396",393.7351445775,176.01980022,0.0480146249185498,173.210424830102,-3.15296658571084,-7.69579078566337
-0.011272260197254,-0.0241514710410422,0.307931116065452,"T-cells","grid_396",393.7351445775,176.01980022,0.0266525309004773,312.039168484786,-3.51738669889528,-7.5362049413312
-0.00523433054080609,-0.0690160363331797,0.542964694477356,"CAFs","grid_397",404.6311840725,490.2747475725,0.0692142433849652,120.157834189466,-0.628945821215036,-8.29281745013638
0.0545909822948797,-0.271329594423317,0.480695386006832,"Cancer Epithelial","grid_397",404.6311840725,490.2747475725,0.276766913047499,30.0492334456637,1.64041717100694,-8.15324632354352
-0.0465534188098113,0.305841175708973,0.534949862784663,"Endothelial","grid_397",404.6311840725,490.2747475725,0.309363937074005,26.8830092442563,-1.25149598821589,8.22193115385855
-0.00280323294426229,0.034504455047524,0.56780249284704,"Plasmablasts","grid_397",404.6311840725,490.2747475725,0.0346181387868614,240.239188808048,-0.673446408569568,8.2893222908809
-0.0940920383473361,0.0566542099508636,0.388510307237957,"Myeloid","grid_398",169.341582465,164.8985132025,0.109831740337268,75.7215860794113,-7.12479838110508,4.28994663555536
-0.236475073188543,-0.251132774726806,0.651566061507053,"Cancer Epithelial","grid_399",246.193066845,251.6212846125,0.34494656221147,24.1099187273578,-5.70139479562175,-6.05479078843914
0.0602637927769896,0.0333859318202835,0.393009182250093,"Endothelial","grid_399",246.193066845,251.6212846125,0.0688937236863893,120.716853948236,7.27485547102662,4.03024465547494
0.139047798811593,0.203084449426276,0.534292552637685,"Normal Epithelial","grid_399",246.193066845,251.6212846125,0.246125138807727,33.7902646616563,4.69846192246447,6.86227729478063
0.0213115220520231,0.0277511232105374,0.607423824523343,"Plasmablasts","grid_399",246.193066845,251.6212846125,0.0349900816177998,237.685458154783,5.06543888291086,6.59603843460641
-0.0479824368169958,-0.243031099949064,0.350585170493064,"Cancer Epithelial","grid_402",456.21781722,101.1608900775,0.247722485425423,33.5723806658792,-1.61088463409668,-8.1591326011373
-0.0435004180158851,0.0855757390342087,0.425812573671985,"Myeloid","grid_402",456.21781722,101.1608900775,0.0959973618325407,86.6339805744627,-3.7686143693692,7.41376691313493
0.0162222989633717,-0.0123534480961514,0.30243868632654,"PVL","grid_402",456.21781722,101.1608900775,0.0203904552063291,407.868951234524,6.61657206480331,-5.03858791910737
-0.00611609527403655,-0.0418602699463233,0.393646864165177,"CAFs","grid_404",297.8886108825,507.3539553225,0.0423047139380489,196.588814957569,-1.20235592209043,-8.22926086255165
-0.097283681445033,-0.228192868304678,0.401456420552939,"Cancer Epithelial","grid_404",297.8886108825,507.3539553225,0.248064708938242,33.5260650972747,-3.26153903702871,-7.65040895751646
0.0972427190470359,0.238216943548661,0.389504630404822,"Endothelial","grid_404",297.8886108825,507.3539553225,0.257300327635483,32.3226699966825,3.14314431733746,7.69980765394172
0.0121532656479495,0.0313443573916367,0.46537862671517,"Plasmablasts","grid_404",297.8886108825,507.3539553225,0.0336180101464123,247.386253498634,3.00655085641986,7.75416314343922
-0.00893090685839103,-0.0667786492261454,0.342566621502861,"CAFs","grid_406",333.757422405,488.7400941225,0.0673732075070041,123.441259336442,-1.10244238961625,-8.2432405572619
0.007210085709696,0.237035056654794,0.355241768428917,"Endothelial","grid_406",333.757422405,488.7400941225,0.237144688785734,35.0698707307515,0.252856773796677,8.31278879554
0.000212153384669028,0.0220594438397414,0.388274937308839,"Plasmablasts","grid_406",333.757422405,488.7400941225,0.0220604639927933,376.992686233475,0.0799802743799006,8.31624898996058
-0.151098662475107,0.190382363914603,0.328023215731837,"Cancer Epithelial","grid_409",238.47524514,309.1361355225,0.243056064091144,34.2169351392167,-5.17013313353313,6.51430099771673
0.0239241846703285,-0.0712202748514612,0.508826179158329,"Endothelial","grid_409",238.47524514,309.1361355225,0.075131179692972,110.694835542133,2.64828368756164,-7.88371661194802
0.0243663029771124,0.0820837467457531,0.482080645485679,"Myeloid","grid_409",238.47524514,309.1361355225,0.085623934741364,97.1297757492838,2.36669354400603,7.972775914076
0.0471568845297837,-0.22600975130441,0.547902965283794,"Normal Epithelial","grid_409",238.47524514,309.1361355225,0.230876979023974,36.0219265487548,1.69868183079998,-8.1413066607898
0.00150625525916031,0.0278144607805958,0.345631566743173,"PVL","grid_416",480.67326252,204.648512805,0.0278552155515094,298.566477248077,0.449717326563882,8.30446557181728
0.0968128987188857,-0.0115566317994443,0.349872957358184,"Myeloid","grid_417",268.1806903875,175.3836616125,0.097500221009499,85.2986125989371,8.25800594240236,-0.985764658809353
-0.184101393813569,-0.115293329143227,0.474193329351949,"Normal Epithelial","grid_417",268.1806903875,175.3836616125,0.217223099483059,38.2861380764369,-7.04853138361077,-4.41413631886967
0.0333225410046751,0.0105244619678481,0.349118298241992,"Plasmablasts","grid_417",268.1806903875,175.3836616125,0.0349450431208911,237.991796187772,7.93049138724331,2.50473560763806
-0.0559024361235258,-0.0277627313453055,0.53288737610681,"PVL","grid_417",268.1806903875,175.3836616125,0.0624167574958559,133.243601780374,-7.44864193739586,-3.69920631970939
0.0388227325970851,0.0126261221919543,0.344165272928,"T-cells","grid_417",268.1806903875,175.3836616125,0.0408243007032691,203.717722947647,7.90887868328357,2.57216486260368
0.0466580629120407,0.0785830480886868,0.353309789769946,"CAFs","grid_418",502.153460325,228.252472965,0.0913907559965055,91.0008182941172,4.24592190501411,7.15112168011646
-0.125228620978385,-0.201084611917682,0.363590660995618,"Cancer Epithelial","grid_418",502.153460325,228.252472965,0.236890752589106,35.10746404958,-4.39645930897715,-7.05957078382379
0.0283837255645996,0.069203094659347,0.357844393882152,"Myeloid","grid_418",502.153460325,228.252472965,0.0747977552293988,111.188277705575,3.15593756039552,7.69457290706866
0.020066591724053,0.0332517485266468,0.350444882252007,"T-cells","grid_418",502.153460325,228.252472965,0.0388374417733608,214.139582847202,4.29705158095383,7.12051555843623
0.0889683646663756,-0.0092754876944589,0.506678427889062,"CAFs","grid_419",524.8985096025,201.9381167925,0.0894505706151685,92.9746285910189,8.2718006612066,-0.862385023392882
-0.123897925853247,0.0324129991473799,0.45641322293777,"Cancer Epithelial","grid_419",524.8985096025,201.9381167925,0.128067554612652,64.9394267373507,-8.04586027885663,2.10488158346909
0.0105419651022786,0.0004103333806146,0.310701114878829,"Plasmablasts","grid_419",524.8985096025,201.9381167925,0.0105499479477818,788.310389905633,8.31034062014878,0.323470067263591
0.045596275556725,-0.00861432549888673,0.469180570730624,"T-cells","grid_419",524.8985096025,201.9381167925,0.0464028765104661,179.226681740823,8.172069167772,-1.54391697460082
0.345467996095651,-0.0524392100241249,0.50751905588104,"Cancer Epithelial","grid_420",372.5272239975,365.0222735775,0.349425252485133,23.800894529092,8.22244733824936,-1.2481001069731
-0.0443695172977196,-0.0277761105699612,0.421113825322886,"Endothelial","grid_420",372.5272239975,365.0222735775,0.0523465985869889,158.876293869974,-7.04926446906138,-4.41296550547804
-0.0946246172257599,0.0285182121968738,0.386189042314437,"Myeloid","grid_420",372.5272239975,365.0222735775,0.0988286730257343,84.1520312433458,-7.96285374517179,2.39986548379569
-0.045275232413382,0.00689722916606652,0.387367642540113,"T-cells","grid_420",372.5272239975,365.0222735775,0.0457975811616181,181.595476644299,-8.22177741028952,1.25250561793681
-0.00429642236987833,-0.0651246628722834,0.423355297038991,"T-cells","grid_424",274.3292051775,427.9480155225,0.0652662313865981,127.426287737333,-0.547477153145229,-8.29859402996039
0.0786408948810283,0.00156665331104825,0.390505706771071,"CAFs","grid_427",352.1509865775,323.21781855,0.0786564984618942,105.73358518151,8.31498375765338,0.165647871313615
-0.289126026375575,-0.00394369828523527,0.386080205701223,"Cancer Epithelial","grid_427",352.1509865775,323.21781855,0.289152921278508,28.7620596860218,-8.31586002739661,-0.113428885463599
0.135731679556587,0.0119747124494727,0.568402791946426,"Myeloid","grid_427",352.1509865775,323.21781855,0.136258880714247,61.0355342463223,8.2844555758869,0.730882971799652
0.05380978152571,-0.0237497443740968,0.308071454679647,"Plasmablasts","grid_427",352.1509865775,323.21781855,0.0588178794728234,141.396351836225,7.60850680083967,-3.35812721154019
0.0338650600092887,-0.00683787539481427,0.417138138732522,"T-cells","grid_427",352.1509865775,323.21781855,0.034548499668549,240.723436907189,8.15211363650418,-1.64603686618279
-0.147572689796865,-0.109579309023529,0.523479446665441,"CAFs","grid_428",238.3143540525,474.7524705,0.183807844609406,45.2463473355718,-6.67712517979353,-4.95806347687053
0.259637794274372,0.18554558792596,0.53353803368918,"Cancer Epithelial","grid_428",238.3143540525,474.7524705,0.319122154377366,26.0609721579076,6.76641332772493,4.83549840096104
-0.076014765336453,-0.0440685224956439,0.434936079037245,"Myeloid","grid_428",238.3143540525,474.7524705,0.0878651194963342,94.6522764422687,-7.19497058232013,-4.17118597366003
-0.0121626426516535,-0.0530350299739174,0.516960316353966,"CAFs","grid_430",346.4925707925,507.5965295775,0.0544118027693086,152.846131848641,-1.85901288236253,-8.10619918399002
-0.0754434411156894,-0.312163656895805,0.615198562908342,"Cancer Epithelial","grid_430",346.4925707925,507.5965295775,0.321150839161193,25.8963470309529,-1.95370953234115,-8.08389838942509
0.0851008321213824,0.326332513432634,0.598924322259944,"Endothelial","grid_430",346.4925707925,507.5965295775,0.337246291233887,24.6604152406594,2.09862185743893,8.0474952877768
0.0025052516459606,0.0388661734370892,0.641963302311608,"Plasmablasts","grid_430",346.4925707925,507.5965295775,0.0389468320078987,213.538127530201,0.53496674547038,8.29940990002007
-0.0135329100946966,-0.0969132398603074,0.436302253989788,"CAFs","grid_431",277.5173239575,197.747522775,0.0978535421732531,84.9906236963309,-1.15017046937464,-8.23671670015964
-0.00730470435203702,-0.0971320602856533,0.500353051597146,"Myeloid","grid_431",277.5173239575,197.747522775,0.0974063439464107,85.3808206247378,-0.623681651998014,-8.29321501616058
-0.0895782803459033,0.0410192725012509,0.358923416711472,"CAFs","grid_432",128.2747511925,276.2747497125,0.0985233425451102,84.4128240613854,-7.5615556185602,3.46255263277412
0.217025695724108,-0.0782467726077661,0.334662475509251,"Cancer Epithelial","grid_432",128.2747511925,276.2747497125,0.230700476870041,36.049485865974,7.82366475055938,-2.82075592318174
-0.0647000873751202,-0.0252478790453967,0.321519994776503,"Myeloid","grid_432",128.2747511925,276.2747497125,0.0694518300884805,119.746788091901,-7.747627652436,-3.02335242181907
-0.0267600133700191,0.013310930642407,0.368652664371108,"T-cells","grid_432",128.2747511925,276.2747497125,0.0298877766006535,278.262036394442,-7.44629581428402,3.70392666686135
-0.082843178583698,0.195681282344837,0.657375563203429,"CAFs","grid_433",375.8193031725,381.4777189575,0.212495074055777,39.1380064557025,-3.24231685821969,7.65857529167238
0.265302673982186,-0.267204791004518,0.650638810829178,"Cancer Epithelial","grid_433",375.8193031725,381.4777189575,0.376542041687069,22.0868658993241,5.85970458297665,-5.90171638657372
-0.0254970597998002,-0.0164828949434576,0.326383881440183,"Endothelial","grid_433",375.8193031725,381.4777189575,0.0303609269316937,273.925549075324,-6.98429610546664,-4.5150860477375
-0.123114453420235,0.103340920348903,0.640534080268846,"Myeloid","grid_433",375.8193031725,381.4777189575,0.160737408401161,51.7404981387017,-6.37000314803694,5.34691069696416
-0.033778982639538,-0.02266483576396,0.383246591176046,"T-cells","grid_433",375.8193031725,381.4777189575,0.0406781814781523,204.449493020398,-6.9060958753984,-4.63381418133221
-0.0137934951474119,-0.00792813976751496,0.30943434859981,"B-cells","grid_434",389.1163327425,355.1163330825,0.0159096168575779,522.742543371728,-7.21044673534368,-4.14437594627731
-0.0400122152296738,-0.0120209876904039,0.361847494494969,"Endothelial","grid_434",389.1163327425,355.1163330825,0.0417789601670336,199.062723125464,-7.96494052190103,-2.39293054430948
-0.0612960213725229,-0.0121428256123808,0.334131347409564,"Myeloid","grid_434",389.1163327425,355.1163330825,0.0624872022893766,133.093389934244,-8.15809527395096,-1.61612982413212
-0.0271114044687455,-0.00104278136661282,0.308434003060663,"T-cells","grid_434",389.1163327425,355.1163330825,0.0271314512189538,306.531099758868,-8.31048862781206,-0.319644919115885
-0.0830630350692507,-0.0169798938883635,0.348300380334277,"B-cells","grid_435",127.8193056525,365.539600305,0.084780803200817,98.0957158485597,-8.14812788567216,-1.6656548460116
0.232857619564798,-0.0561697825828033,0.399410120585155,"Cancer Epithelial","grid_435",127.8193056525,365.539600305,0.239536459573033,34.7196981829996,8.08474627090152,-1.95019789827964
-0.0466864172074312,0.000107339126313253,0.316168211932355,"Endothelial","grid_435",127.8193056525,365.539600305,0.046686540601702,178.137713204152,-8.31661159902678,0.0191211464987745
0.111083627778768,0.137462818034105,0.371869823694471,"Normal Epithelial","grid_437",210.0222751275,262.59405678,0.176735957581838,47.0568281293237,5.22724318036726,6.46856420240336
-0.0144320271901236,-0.0599819924154466,0.392581571939022,"Myeloid","grid_438",177.27722595,264.1905914175,0.0616937826927735,134.805051938794,-1.9455101749467,-8.08587560295662
0.161948979273682,-0.0750791658557173,0.407359618251554,"Cancer Epithelial","grid_439",188.2351466325,166.1707904175,0.178505890752596,46.590247218937,7.54524298121533,-3.49795689820944
-0.0805904690432112,0.0371218995598027,0.420006277429649,"Myeloid","grid_439",188.2351466325,166.1707904175,0.0887291334767384,93.7305849197809,-7.55379180237968,3.47945735907366
0.0125696692770902,-0.0310236848078901,0.32995201931612,"Myeloid","grid_441",543.1212816975,203.202968265,0.0334733566406887,248.455321331315,3.12300121926781,-7.70799957782576
-0.0699305873945344,-0.00147339788663689,0.354185575150327,"B-cells","grid_442",144.08910747,352.7054420175,0.0699461075019687,118.900591858752,-8.31478823024035,-0.175187880764561
0.179546919656497,-0.0229465082590086,0.37782319066766,"Cancer Epithelial","grid_442",144.08910747,352.7054420175,0.181007288801908,45.9464015800028,8.2495348729899,-1.05430948332726
-0.0486963138011908,-0.0165357395728921,0.342710719364546,"Endothelial","grid_442",144.08910747,352.7054420175,0.0514272462907218,161.716486494056,-7.87499677314059,-2.67410170530883
-0.0192795069432245,0.0080285771876805,0.300309966844739,"T-cells","grid_442",144.08910747,352.7054420175,0.020884382673002,398.222619764156,-7.6775357626921,3.19716104065687
-0.0903465175186466,-0.00297922094285193,0.446962992515272,"Myeloid","grid_443",206.2004929875,217.94059188,0.0903956248121194,92.0026118242504,-8.31211558094089,-0.274096107943883
-0.0275656380562695,0.103855015976299,0.449987522606104,"Myeloid","grid_444",265.4430666525,316.31682852,0.107451052786311,77.3992749679185,-2.13356039958332,8.03830293834713
-0.00386693235025975,0.0332929783333892,0.338555241988564,"B-cells","grid_446",152.8935628275,146.6113846725,0.033516795373499,248.133316073999,-0.959514747103776,8.26109711584367
0.0317364132353329,-0.188477055452349,0.409194876505793,"Cancer Epithelial","grid_446",152.8935628275,146.6113846725,0.191130322965854,43.5128945064661,1.38094320112265,-8.20118223078742
-0.0138184791296048,0.0998393922799937,0.422673435854578,"Myeloid","grid_446",152.8935628275,146.6113846725,0.100791143540957,82.5135352970819,-1.14021156541263,8.23810121893447
-0.0122677647106593,0.0387302244133787,0.337478624191237,"Plasmablasts","grid_446",152.8935628275,146.6113846725,0.0406266948459602,204.708593985636,-2.51131686526567,7.9284097844109
0.0135795297115963,-0.029940889924352,0.384637820164275,"PVL","grid_446",152.8935628275,146.6113846725,0.0328764431873384,252.966342277651,3.4351639609932,-7.57403740870111
-0.0969267811680275,-0.151023098398552,0.378203389634852,"Cancer Epithelial","grid_448",164.6064339975,299.9529672975,0.179451322529241,46.3447884528399,-4.49205116864694,-6.99913354677334
0.0293383331786294,0.0472861386487086,0.312929477873858,"Myeloid","grid_448",164.6064339975,299.9529672975,0.0556481509306927,149.450313103089,4.38462307946892,7.06692822648559
-0.00766394017504671,0.272981230955105,0.44454114006107,"Cancer Epithelial","grid_450",238.3638590025,197.549502975,0.273088792213762,30.4539542351123,-0.233397283351511,8.3133579145514
0.0652729372096016,-0.153967426124827,0.357841256137699,"Normal Epithelial","grid_450",238.3638590025,197.549502975,0.167231948620689,49.7311288231388,3.24609684903535,-7.65697390318088
0.0568479239436094,-0.000167110009763273,0.489386620398776,"CAFs","grid_451",474.341579415,521.7549452775,0.0568481695611544,146.29553852659,8.31659764744898,-0.0244474488715018
0.245201182814003,-0.125903139532166,0.435753063858793,"Cancer Epithelial","grid_451",474.341579415,521.7549452775,0.275636029207798,30.1725199136801,7.39833757131343,-3.79881498472911
-0.273577163294864,0.117155116932568,0.44944169381961,"Endothelial","grid_451",474.341579415,521.7549452775,0.297606763531927,27.9450422480328,-7.64512538637193,3.27390469225384
-0.0284719434627489,0.00891513260936065,0.378637397321308,"Plasmablasts","grid_451",474.341579415,521.7549452775,0.0298350658452174,278.753652609524,-7.93665823713312,2.48512577835755
0.0449238905920419,-0.0434028608241337,0.313854123618599,"Myeloid","grid_454",497.7549455175,163.6262359875,0.062465704779862,133.139193890616,5.98113057985467,-5.77862190267175
-0.00294044645211971,-0.0839011610560726,0.338448416797643,"Myeloid","grid_455",542.4381133875,338.2796995875,0.0839526714994515,99.0633583382077,-0.291290500560646,-8.31153078268939
0.0112416605840503,-0.0433933329681632,0.373328786192512,"T-cells","grid_455",542.4381133875,338.2796995875,0.0448258438712855,185.532114109902,2.08568905426481,-8.05085680385822
0.0443231345331377,-0.0100712018647193,0.387038985870599,"CAFs","grid_457",469.0173220425,506.4579157275,0.0454529356790356,182.972418743811,8.10991113183553,-1.84275216484487
0.20329071052922,-0.22283186922023,0.480425678190685,"Cancer Epithelial","grid_457",469.0173220425,506.4579157275,0.30163082555942,27.5722269591497,5.60517760939845,-6.14397087187175
-0.223153205920108,0.21089885816901,0.476684803345497,"Endothelial","grid_457",469.0173220425,506.4579157275,0.307043452445113,27.0861779138139,-6.04436743758999,5.71244399418603
-0.0244606391422503,0.0220042129159394,0.461045792288517,"Plasmablasts","grid_457",469.0173220425,506.4579157275,0.0329014931773222,252.773742984174,-6.1830073117718,5.5620872601827
-0.00377518774429093,-0.0303367686085525,0.328465943804335,"CAFs","grid_458",386.9925703875,507.8044503675,0.0305707633550996,272.04533572148,-1.02702221730724,-8.25297640081853
-0.00550023108677888,0.0143616049903658,0.335239917433475,"Myeloid","grid_458",386.9925703875,507.8044503675,0.0153788243993899,540.784741682202,-2.97444104745614,7.76653684485681
0.0466923747059523,0.01404625826805,0.439349292088775,"B-cells","grid_460",278.39603682,157.816830105,0.0487593604040683,170.564862034287,7.96407844977401,2.39579810358792
0.0798014605156021,0.0465134439264285,0.358204463518387,"CAFs","grid_460",278.39603682,157.816830105,0.0923676001979061,90.0384286522639,7.18519810898049,4.18799740234081
-0.129939784835986,-0.16379763694302,0.323893946802559,"Cancer Epithelial","grid_460",278.39603682,157.816830105,0.209078964870548,39.7774763489444,-5.16867671810036,-6.51545662951397
0.0622103297692797,0.076973084483091,0.418666627002198,"Myeloid","grid_460",278.39603682,157.816830105,0.098969595658685,84.0322073142691,5.22767132826116,6.46821819290185
0.0648165495755568,0.0244367309482183,0.634606717658892,"Plasmablasts","grid_460",278.39603682,157.816830105,0.069270043440987,120.06104178764,7.78194246712159,2.93389937552736
-0.0263135316597793,0.000361160613367624,0.320233231971134,"PVL","grid_460",278.39603682,157.816830105,0.0263160100584958,316.029427018518,-8.31585033327368,0.114137381704227
0.0372049979110771,0.0315023311602533,0.506046324397464,"T-cells","grid_460",278.39603682,157.816830105,0.0487504742345499,170.595952363186,6.34702205131054,5.37417018594388
-0.0642382615995913,-0.0137545282578574,0.339034316114904,"B-cells","grid_461",143.9628698475,377.371283355,0.0656943018909078,126.595965568074,-8.13230475361478,-1.74126778573681
0.224972062759269,0.0095216822071937,0.412987464743747,"Cancer Epithelial","grid_461",143.9628698475,377.371283355,0.225173469694401,36.9343404064746,8.30919474789762,0.351677051882765
-0.0560805074365558,0.00566920344931058,0.450998527539365,"Endothelial","grid_461",143.9628698475,377.371283355,0.0563663302166396,147.546124578905,-8.27446153668226,0.836468998395136
0.00156663675664237,-0.0405359714673223,0.448317418957773,"CAFs","grid_462",278.311878405,507.252470175,0.0405662339085948,205.013696833167,0.321181993073975,-8.31042936523952
-0.108731887366205,-0.223263945435797,0.32534686723194,"Cancer Epithelial","grid_462",278.311878405,507.252470175,0.248333269341374,33.4898082816582,-3.64141006199704,-7.47706672885143
0.13834072759867,0.250294207074603,0.406782426301209,"Endothelial","grid_462",278.311878405,507.252470175,0.285981375281038,29.0810321896911,4.02309115244221,7.27881389282976
0.012597530748809,0.0225828950541278,0.309516978055115,"Plasmablasts","grid_462",278.311878405,507.252470175,0.0258589429403628,321.615373040585,4.05155955116846,7.26300621716971
-0.0174015905294648,-0.10848011843884,0.546919183905227,"Myeloid","grid_463",442.19801538,138.0915827775,0.109866971604117,75.6973042832859,-1.31725349332204,-8.21165253415177
0.00578627305394502,0.0305938649207738,0.346977296799351,"PVL","grid_463",442.19801538,138.0915827775,0.0311362413699111,267.104609107921,1.54554020226568,8.17176233076384
-0.103078607036536,0.131446276231828,0.342893607316665,"Cancer Epithelial","grid_464",347.193065835,435.36633228,0.167042877022058,49.7874182273679,-5.13201771882251,6.54437072918413
0.0726745406747555,-0.116752294876009,0.591514805992915,"Myeloid","grid_464",347.193065835,435.36633228,0.137523406084569,60.474313551293,4.39494295996137,-7.06051488816476
-0.0430164625209164,-0.207252203114043,0.319880496278671,"Cancer Epithelial","grid_466",189.1064337525,394.03960002,0.211669298065256,39.2906938144429,-1.69014665788978,-8.14308285492259
0.00650471489005493,0.0386461491956051,0.320476175488525,"Endothelial","grid_466",189.1064337525,394.03960002,0.0391897456415562,212.214533267631,1.38039503443201,8.20127451413655
0.285504536802461,-0.0222006044661018,0.347194036430756,"Cancer Epithelial","grid_471",490.816826775,267.539601285,0.286366386598441,29.0419335837136,8.29160379566599,-0.644748480422824
-0.0759362613546467,-0.00296937962346232,0.3189955923351,"Myeloid","grid_471",490.816826775,267.539601285,0.0759942958640281,109.437602989051,-8.31028242260265,-0.324961788356248
-0.0347172295093947,0.00420377998389187,0.318010845301253,"T-cells","grid_471",490.816826775,267.539601285,0.0349708134157751,237.816417974665,-8.25632716392859,0.999727897722759
